-- phpMyAdmin SQL Dump
-- version 4.6.6
-- https://www.phpmyadmin.net/
--
-- Host: localhost:3306
-- Generation Time: Aug 25, 2018 at 07:51 PM
-- Server version: 5.6.33
-- PHP Version: 5.6.14

SET SQL_MODE = "NO_AUTO_VALUE_ON_ZERO";
SET time_zone = "+00:00";


/*!40101 SET @OLD_CHARACTER_SET_CLIENT=@@CHARACTER_SET_CLIENT */;
/*!40101 SET @OLD_CHARACTER_SET_RESULTS=@@CHARACTER_SET_RESULTS */;
/*!40101 SET @OLD_COLLATION_CONNECTION=@@COLLATION_CONNECTION */;
/*!40101 SET NAMES utf8mb4 */;

--
-- Database: `dev_jummum_om_mamarin7`
--

-- --------------------------------------------------------

--
-- Table structure for table `customertable`
--

CREATE TABLE `customertable` (
  `CustomerTableID` int(11) NOT NULL,
  `TableName` varchar(50) NOT NULL,
  `Type` int(11) NOT NULL,
  `Color` varchar(10) NOT NULL,
  `Zone` varchar(10) NOT NULL,
  `OrderNo` tinyint(4) NOT NULL,
  `Status` tinyint(4) NOT NULL COMMENT '0=inactive, 1=active',
  `ModifiedUser` varchar(50) NOT NULL,
  `ModifiedDate` datetime NOT NULL
) ENGINE=InnoDB DEFAULT CHARSET=utf8;

--
-- Dumping data for table `customertable`
--

INSERT INTO `customertable` (`CustomerTableID`, `TableName`, `Type`, `Color`, `Zone`, `OrderNo`, `Status`, `ModifiedUser`, `ModifiedDate`) VALUES
(1, 'A1', 1, '0x007AFF', 'A', 1, 1, 'Jill', '2017-09-09 05:06:45'),
(2, 'A2', 1, '0x007AFF', 'A', 2, 1, 'Jill', '2017-09-09 05:06:45'),
(3, 'A3', 1, '0x007AFF', 'A', 3, 1, 'Jill', '2017-09-09 05:06:45'),
(4, 'A4', 1, '0x007AFF', 'A', 4, 1, 'Jill', '2017-09-09 05:06:45'),
(5, 'A5', 1, '0x007AFF', 'A', 5, 1, 'Jill', '2017-09-09 05:06:45'),
(6, 'B1', 1, '0x007AFF', 'B', 1, 1, 'Jill', '2017-09-09 05:06:45'),
(7, 'B2', 1, '0x007AFF', 'B', 2, 1, 'Jill', '2017-09-09 05:06:45'),
(8, 'B3', 1, '0x007AFF', 'B', 3, 1, 'Jill', '2017-09-09 05:06:45'),
(9, 'B4', 1, '0x007AFF', 'B', 4, 1, 'Jill', '2017-09-09 05:06:45'),
(10, 'B5', 1, '0x007AFF', 'B', 5, 1, 'Jill', '2017-09-09 05:06:45'),
(11, 'B6', 1, '0x007AFF', 'B', 6, 1, 'Jill', '2017-09-09 05:06:45'),
(12, 'B7', 1, '0x007AFF', 'B', 7, 1, 'Jill', '2017-09-09 05:06:45'),
(13, 'B8', 1, '0x007AFF', 'B', 8, 1, 'Jill', '2017-09-09 05:06:45'),
(14, 'B9', 1, '0x007AFF', 'B', 9, 1, 'Jill', '2017-09-09 05:06:45'),
(15, 'B10', 1, '0x007AFF', 'B', 10, 1, 'Jill', '2017-09-09 05:06:45'),
(16, 'B11', 1, '0x007AFF', 'B', 11, 1, 'Jill', '2017-09-09 05:06:45'),
(17, 'B12', 1, '0x007AFF', 'B', 12, 1, 'Jill', '2017-09-09 05:06:45'),
(18, 'B13', 1, '0x007AFF', 'B', 13, 1, 'Jill', '2017-09-09 05:06:45'),
(19, 'B14', 1, '0x007AFF', 'B', 14, 1, 'Jill', '2017-09-09 05:06:45'),
(20, 'B15', 1, '0x007AFF', 'B', 15, 1, 'Jill', '2017-09-09 05:06:45'),
(21, 'C1', 1, '0x007AFF', 'C', 21, 1, 'Jill', '2017-09-09 05:06:45'),
(22, 'C2', 1, '0x007AFF', 'C', 22, 1, 'Jill', '2017-09-09 05:06:45'),
(23, 'C3', 1, '0x007AFF', 'C', 23, 1, 'Jill', '2017-09-09 05:06:45'),
(24, 'C4', 1, '0x007AFF', 'C', 24, 1, 'Jill', '2017-09-09 05:06:45'),
(25, 'C5', 1, '0x007AFF', 'C', 25, 1, 'Jill', '2017-09-09 05:06:45'),
(26, 'C6', 1, '0x007AFF', 'C', 26, 1, 'Jill', '2017-09-09 05:06:45'),
(27, 'C7', 1, '0x007AFF', 'C', 27, 1, 'Jill', '2017-09-09 05:06:45'),
(28, 'C8', 1, '0x007AFF', 'C', 28, 1, 'Jill', '2017-09-09 05:06:45'),
(29, 'C9', 1, '0x007AFF', 'C', 29, 1, 'Jill', '2017-09-09 05:06:45'),
(30, 'C10', 1, '0x007AFF', 'C', 30, 1, 'Jill', '2017-09-09 05:06:45'),
(31, 'T1', 2, '0xFF9500', 'T', 31, 1, 'Jill', '2017-09-09 05:06:45'),
(32, 'T2', 2, '0xFF9500', 'T', 32, 1, 'Jill', '2017-09-09 05:06:45'),
(33, 'T3', 2, '0xFF9500', 'T', 33, 1, 'Jill', '2017-09-09 05:06:45'),
(34, 'T4', 2, '0xFF9500', 'T', 34, 1, 'Jill', '2017-09-09 05:06:45'),
(35, 'T5', 2, '0xFF9500', 'T', 35, 1, 'Jill', '2017-09-09 05:06:45'),
(36, 'T6', 2, '0xFF9500', 'T', 36, 1, 'Jill', '2017-09-09 05:06:45'),
(37, 'T7', 2, '0xFF9500', 'T', 37, 1, 'Jill', '2017-09-09 05:06:45'),
(38, 'T8', 2, '0xFF9500', 'T', 38, 1, 'Jill', '2017-09-09 05:06:45'),
(39, 'T9', 2, '0xFF9500', 'T', 39, 1, 'Jill', '2017-09-09 05:06:45'),
(40, 'T10', 2, '0xFF9500', 'T', 40, 1, 'Jill', '2017-09-09 05:06:45'),
(41, 'D1', 3, '0xFF2D55', 'D', 41, 1, 'Jill', '2017-09-09 05:06:45'),
(42, 'D2', 3, '0xFF2D55', 'D', 42, 1, 'Jill', '2017-09-09 05:06:45'),
(43, 'D3', 3, '0xFF2D55', 'D', 43, 1, 'Jill', '2017-09-09 05:06:45'),
(44, 'D4', 3, '0xFF2D55', 'D', 44, 1, 'Jill', '2017-09-09 05:06:45'),
(45, 'D5', 3, '0xFF2D55', 'D', 45, 1, 'Jill', '2017-09-09 05:06:45'),
(46, 'D6', 3, '0xFF2D55', 'D', 46, 1, 'Jill', '2017-09-09 05:06:45'),
(47, 'D7', 3, '0xFF2D55', 'D', 47, 1, 'Jill', '2017-09-09 05:06:45'),
(48, 'D8', 3, '0xFF2D55', 'D', 48, 1, 'Jill', '2017-09-09 05:06:45'),
(49, 'D9', 3, '0xFF2D55', 'D', 49, 1, 'Jill', '2017-09-09 05:06:45'),
(50, 'D10', 3, '0xFF2D55', 'D', 50, 1, 'Jill', '2017-09-09 05:06:45');

-- --------------------------------------------------------

--
-- Table structure for table `device`
--

CREATE TABLE `device` (
  `DeviceID` int(11) NOT NULL,
  `DeviceToken` varchar(100) NOT NULL,
  `Model` varchar(100) NOT NULL,
  `Remark` varchar(100) NOT NULL,
  `ModifiedUser` varchar(50) NOT NULL,
  `ModifiedDate` datetime NOT NULL DEFAULT CURRENT_TIMESTAMP ON UPDATE CURRENT_TIMESTAMP
) ENGINE=InnoDB DEFAULT CHARSET=utf8;

-- --------------------------------------------------------

--
-- Table structure for table `login`
--

CREATE TABLE `login` (
  `LogInID` int(11) NOT NULL,
  `Username` varchar(100) NOT NULL,
  `Status` tinyint(4) NOT NULL COMMENT '1=login,0=log out',
  `DeviceToken` varchar(152) NOT NULL,
  `ModifiedUser` varchar(100) NOT NULL,
  `ModifiedDate` datetime NOT NULL
) ENGINE=InnoDB DEFAULT CHARSET=utf8;

-- --------------------------------------------------------

--
-- Table structure for table `menu`
--

CREATE TABLE `menu` (
  `MenuID` int(11) NOT NULL,
  `MenuCode` varchar(10) NOT NULL,
  `TitleThai` varchar(50) NOT NULL,
  `Price` float NOT NULL,
  `MenuTypeID` int(11) NOT NULL COMMENT '1=noodle,2=rice,3=special menu,4=drink,5=dessert,6=promotion menu',
  `SubMenuTypeID` int(11) NOT NULL,
  `SubMenuType2ID` int(11) NOT NULL,
  `SubMenuType3ID` int(11) NOT NULL,
  `BuffetMenu` tinyint(4) NOT NULL,
  `BelongToMenuID` int(11) NOT NULL,
  `TimeToOrder` int(11) NOT NULL COMMENT 'unit:second',
  `ImageUrl` varchar(200) NOT NULL,
  `Color` varchar(10) NOT NULL,
  `OrderNo` int(11) NOT NULL,
  `Status` tinyint(4) NOT NULL COMMENT '0=inactive, 1=active',
  `Remark` varchar(100) NOT NULL,
  `ModifiedUser` varchar(50) NOT NULL,
  `ModifiedDate` datetime NOT NULL DEFAULT CURRENT_TIMESTAMP ON UPDATE CURRENT_TIMESTAMP
) ENGINE=InnoDB DEFAULT CHARSET=utf8;

--
-- Dumping data for table `menu`
--

INSERT INTO `menu` (`MenuID`, `MenuCode`, `TitleThai`, `Price`, `MenuTypeID`, `SubMenuTypeID`, `SubMenuType2ID`, `SubMenuType3ID`, `BuffetMenu`, `BelongToMenuID`, `TimeToOrder`, `ImageUrl`, `Color`, `OrderNo`, `Status`, `Remark`, `ModifiedUser`, `ModifiedDate`) VALUES
(1, 'A1', 'เล็กน้ำดั้งเดิม', 79, 1, 1, 1, 0, 0, 0, 0, 'noodle soup original.jpg', '0xFFFFFF', 1, 1, '', 'manager', '2018-04-09 17:13:08'),
(2, 'A2', 'เล็กน้ำยำ', 79, 1, 2, 2, 0, 0, 0, 0, '', '0xFFFFFF', 2, 0, '', '', '2018-04-10 09:06:44'),
(3, 'A3', 'เล็กแห้งบ้านบึง', 79, 1, 3, 3, 0, 0, 0, 0, 'noodle dry original.jpg', '0xFFFFFF', 4, 1, '', 'owner', '2018-04-09 17:22:23'),
(4, 'A4', 'เล็กน้ำเย็นตาโฟ', 99, 1, 4, 4, 0, 0, 0, 0, 'noodle red soup.jpg', '0xFFFFFF', 3, 1, '', '', '2018-04-09 17:18:01'),
(5, 'A5', 'เล็กแห้งเย็นตาโฟ', 99, 1, 5, 5, 0, 0, 0, 0, 'noodle dry red.jpg', '0xFFFFFF', 5, 1, '', '', '2018-04-09 17:18:31'),
(6, 'B1', 'ใหญ่น้ำดั้งเดิม', 79, 1, 1, 1, 0, 0, 0, 0, 'noodle soup original.jpg', '0xFFFFFF', 5, 1, '', 'manager', '2018-04-09 17:22:52'),
(7, 'B2', 'ใหญ่น้ำยำ', 79, 1, 2, 2, 0, 0, 0, 0, '', '0xFFFFFF', 7, 0, '', '', '2018-04-10 09:06:44'),
(8, 'B3', 'ใหญ่แห้งบ้านบึง', 79, 1, 3, 3, 0, 0, 0, 0, 'noodle dry original.jpg', '0xFFFFFF', 9, 1, '', 'owner', '2018-04-09 17:22:23'),
(9, 'B4', 'ใหญ่น้ำเย็นตาโฟ', 99, 1, 4, 4, 0, 0, 0, 0, 'noodle red soup.jpg', '0xFFFFFF', 8, 1, '', '', '2018-04-09 17:18:01'),
(10, 'B5', 'ใหญ่แห้งเย็นตาโฟ', 99, 1, 5, 5, 0, 0, 0, 0, 'noodle dry red.jpg', '0xFFFFFF', 10, 1, '', '', '2018-04-09 17:18:31'),
(11, 'C1', 'บะหมี่น้ำดั้งเดิม', 79, 1, 1, 1, 0, 0, 0, 0, 'noodle soup original.jpg', '0xFFFFFF', 2, 1, '', 'manager', '2018-04-09 17:22:52'),
(12, 'C2', 'บะหมี่น้ำยำ', 79, 1, 2, 2, 0, 0, 0, 0, '', '0xFFFFFF', 12, 0, '', '', '2018-04-10 09:06:44'),
(13, 'C3', 'บะหมี่แห้งบ้านบึง', 79, 1, 3, 3, 0, 0, 0, 0, 'noodle dry original.jpg', '0xFFFFFF', 14, 1, '', 'owner', '2018-04-09 17:22:23'),
(14, 'C4', 'บะหมี่น้ำเย็นตาโฟ', 99, 1, 4, 4, 0, 0, 0, 0, 'noodle red soup.jpg', '0xFFFFFF', 13, 1, '', '', '2018-04-09 17:18:01'),
(15, 'C5', 'บะหมี่แห้งเย็นตาโฟ', 99, 1, 5, 5, 0, 0, 0, 0, 'noodle dry red.jpg', '0xFFFFFF', 15, 1, '', '', '2018-04-09 17:18:31'),
(16, 'D1', 'เกี๊ยวหมูน้ำดั้งเดิม', 89, 1, 1, 1, 0, 0, 0, 0, 'noodle soup original.jpg', '0xFFFFFF', 3, 1, '', 'manager', '2018-04-09 17:22:52'),
(17, 'D2', 'เกี๊ยวหมูน้ำยำ', 89, 1, 2, 2, 0, 0, 0, 0, '', '0xFFFFFF', 17, 0, '', '', '2018-04-10 09:06:44'),
(18, 'D3', 'เกี๊ยวหมูแห้งบ้านบึง', 89, 1, 3, 3, 0, 0, 0, 0, 'noodle dry original.jpg', '0xFFFFFF', 19, 1, '', 'owner', '2018-04-09 17:22:23'),
(19, 'D4', 'เกี๊ยวหมูน้ำเย็นตาโฟ', 109, 1, 4, 4, 0, 0, 0, 0, 'noodle red soup.jpg', '0xFFFFFF', 18, 1, '', '', '2018-04-09 17:18:01'),
(20, 'D5', 'เกี๊ยวหมูแห้งเย็นตาโฟ', 109, 1, 5, 5, 0, 0, 0, 0, 'noodle dry red.jpg', '0xFFFFFF', 20, 1, '', '', '2018-04-09 17:18:31'),
(21, 'E1', 'บะหมี่เกี๊ยวหมูน้ำดั้งเดิม', 99, 1, 1, 1, 0, 0, 0, 0, 'noodle soup original.jpg', '0xFFFFFF', 4, 1, '', 'manager', '2018-04-09 17:22:52'),
(22, 'E2', 'บะหมี่เกี๊ยวหมูน้ำยำ', 99, 1, 2, 2, 0, 0, 0, 0, '', '0xFFFFFF', 22, 0, '', '', '2018-04-10 09:06:44'),
(23, 'E3', 'บะหมี่เกี๊ยวหมูแห้งบ้านบึง', 99, 1, 3, 3, 0, 0, 0, 0, 'noodle dry original.jpg', '0xFFFFFF', 24, 1, '', 'owner', '2018-04-09 17:22:23'),
(24, 'E4', 'บะหมี่เกี๊ยวหมูน้ำเย็นตาโฟ', 119, 1, 4, 4, 0, 0, 0, 0, 'noodle red soup.jpg', '0xFFFFFF', 23, 1, '', '', '2018-04-09 17:18:01'),
(25, 'E5', 'บะหมี่เกี๊ยวหมูแห้งเย็นตาโฟ', 119, 1, 5, 5, 0, 0, 0, 0, 'noodle dry red.jpg', '0xFFFFFF', 25, 1, '', '', '2018-04-09 17:18:31'),
(26, 'F1', 'เกี๊ยวปลาน้ำดั้งเดิม', 109, 1, 1, 1, 0, 0, 0, 0, 'noodle soup original.jpg', '0xFFFFFF', 6, 1, '', 'manager', '2018-04-09 17:22:52'),
(27, 'F2', 'เกี๊ยวปลาน้ำยำ', 109, 1, 2, 2, 0, 0, 0, 0, '', '0xFFFFFF', 27, 0, '', '', '2018-04-10 09:06:44'),
(28, 'F3', 'เกี๊ยวปลาแห้งบ้านบึง', 109, 1, 3, 3, 0, 0, 0, 0, 'noodle dry original.jpg', '0xFFFFFF', 29, 1, '', 'owner', '2018-04-09 17:22:23'),
(29, 'F4', 'เกี๊ยวปลาน้ำเย็นตาโฟ', 129, 1, 4, 4, 0, 0, 0, 0, 'noodle red soup.jpg', '0xFFFFFF', 28, 1, '', '', '2018-04-09 17:18:01'),
(30, 'F5', 'เกี๊ยวปลาแห้งเย็นตาโฟ', 129, 1, 5, 5, 0, 0, 0, 0, 'noodle dry red.jpg', '0xFFFFFF', 30, 1, '', '', '2018-04-09 17:18:31'),
(31, 'G1', 'เกาเหลาน้ำดั้งเดิม', 69, 1, 1, 1, 0, 0, 0, 0, 'noodle soup original.jpg', '0xFFFFFF', 7, 1, '', 'manager', '2018-04-09 17:22:52'),
(32, 'G2', 'เกาเหลาน้ำยำ', 69, 1, 2, 2, 0, 0, 0, 0, '', '0xFFFFFF', 32, 0, '', '', '2018-04-10 09:06:44'),
(33, 'G3', 'เกาเหลาแห้งบ้านบึง', 69, 1, 3, 3, 0, 0, 0, 0, 'noodle dry original.jpg', '0xFFFFFF', 34, 1, '', 'owner', '2018-04-09 17:22:23'),
(34, 'G4', 'เกาเหลาน้ำเย็นตาโฟ', 89, 1, 4, 4, 0, 0, 0, 0, 'noodle red soup.jpg', '0xFFFFFF', 33, 1, '', '', '2018-04-09 17:18:01'),
(35, 'G5', 'เกาเหลาแห้งเย็นตาโฟ', 89, 1, 5, 5, 0, 0, 0, 0, 'noodle dry red.jpg', '0xFFFFFF', 35, 1, '', '', '2018-04-09 17:18:31'),
(36, 'K1', 'ข้าวกล้อง', 19, 2, 8, 8, 0, 0, 0, 0, 'red rice.jpg', '0xFFFFFF', 36, 1, '', '', '2018-04-10 09:04:01'),
(37, 'K2', 'ข้าวหน้าไก่สูตรยายพา', 89, 2, 8, 8, 0, 0, 0, 0, '', '0xFFFFFF', 37, 0, '', '', '2018-04-10 09:06:44'),
(38, 'K3', 'เป็ดผัดพริกสดราดข้าว', 129, 2, 8, 8, 0, 0, 0, 0, '', '0xFFFFFF', 38, 0, '', '', '2018-04-10 09:06:44'),
(39, 'K4', 'ก๋วยจั๊บ', 79, 2, 8, 8, 0, 0, 0, 0, '', '0xFFFFFF', 39, 0, '', '', '2018-04-10 09:06:44'),
(41, 'H1', 'เต้าหู้ทอด', 49, 3, 9, 9, 0, 0, 0, 0, 'tofu.jpg', '0xFFFFFF', 2, 1, '', 'owner', '2018-04-10 09:03:55'),
(42, 'H2', 'กุ้งแพทอด', 85, 3, 9, 9, 0, 0, 0, 0, 'fried shrimp.jpg', '0xFFFFFF', 4, 1, '', 'owner', '2018-04-09 17:19:05'),
(46, 'H6', 'ห้อยจ้อปูบ้านบึง', 160, 3, 9, 9, 0, 0, 0, 0, '', '0xFFFFFF', 5, 0, '', 'manager', '2018-04-10 09:06:44'),
(47, 'H7', 'เผือกและไช้เท้าทอด', 49, 3, 9, 9, 0, 0, 0, 0, '', '0xFFFFFF', 3, 0, '', 'owner', '2018-04-10 09:06:44'),
(48, 'H8', 'เกี๊ยวปลาลวก', 79, 3, 9, 9, 0, 0, 0, 0, '', '0xFFFFFF', 1, 0, '', 'owner', '2017-12-17 15:28:13'),
(49, 'H9', 'เมี่ยงก๋วยเตี๋ยว', 65, 3, 9, 9, 0, 0, 0, 0, '', '0xFFFFFF', 6, 0, '', 'owner', '2018-04-10 09:06:44'),
(50, 'I1', 'ทับทิมกรอบ', 65, 4, 10, 10, 0, 0, 0, 0, 'tubtim.jpg', '0xFFFFFF', 50, 1, '', '', '2018-04-09 17:23:16'),
(51, 'I2', 'ข้าวเหนียวเปียกอัญชัญ', 65, 4, 10, 10, 0, 0, 0, 0, '', '0xFFFFFF', 51, 0, '', '', '2018-04-10 09:06:44'),
(52, 'I3', 'สละลอยแก้ว', 65, 4, 10, 10, 0, 0, 0, 0, '', '0xFFFFFF', 52, 0, '', 'owner', '2018-04-10 09:06:44'),
(53, 'J1', 'เก๊กฮวยอบควันเทียน', 45, 5, 11, 11, 0, 0, 0, 0, 'yellow drink.jpg', '0xFFFFFF', 53, 1, '', 'owner', '2018-04-10 09:03:41'),
(54, 'J2', 'อัญชันมะนาว', 45, 5, 11, 11, 0, 0, 0, 0, 'violet drink.jpg', '0xFFFFFF', 54, 1, '', 'owner', '2018-04-10 09:03:34'),
(55, 'J3', 'ตะไคร้ใบเตย', 45, 5, 11, 11, 0, 0, 0, 0, '', '0xFFFFFF', 55, 0, '', 'owner', '2018-04-10 09:06:44'),
(56, 'J4', 'ชาไทยเย็น', 65, 5, 11, 11, 0, 0, 0, 0, '', '0xFFFFFF', 56, 0, '', 'owner', '2018-04-10 09:06:44'),
(57, 'J5', 'กาแฟเย็นไทย', 65, 5, 11, 11, 0, 0, 0, 0, '', '0xFFFFFF', 57, 0, '', '', '2018-04-10 09:06:44'),
(58, 'J6', 'ลาเต้เย็น', 65, 5, 11, 11, 0, 0, 0, 0, '', '0xFFFFFF', 58, 0, '', '', '2018-04-10 09:06:44'),
(59, 'J7', 'คาปูชิโน่เย็น', 65, 5, 11, 11, 0, 0, 0, 0, '', '0xFFFFFF', 59, 0, '', '', '2018-04-10 09:06:44'),
(60, 'J8', 'อเมริกาโน่เย็น', 65, 5, 11, 11, 0, 0, 0, 0, '', '0xFFFFFF', 60, 0, '', '', '2018-04-10 09:06:44'),
(61, 'J9', 'ลาเต้ร้อน', 55, 5, 12, 12, 0, 0, 0, 0, '', '0xFFFFFF', 61, 0, '', '', '2018-04-10 09:06:44'),
(62, 'J10', 'คาปูชิโน่ร้อน', 55, 5, 12, 12, 0, 0, 0, 0, '', '0xFFFFFF', 62, 0, '', '', '2018-04-10 09:06:44'),
(63, 'J11', 'อเมริกาโน่ร้อน', 55, 5, 12, 12, 0, 0, 0, 0, '', '0xFFFFFF', 63, 0, '', '', '2018-04-10 09:06:44'),
(64, 'J12', 'โค้ก', 30, 5, 12, 12, 0, 0, 0, 0, '', '0xFFFFFF', 64, 0, '', 'owner', '2018-04-10 09:06:44'),
(65, 'J13', 'สไปรท์', 30, 5, 12, 12, 0, 0, 0, 0, '', '0xFFFFFF', 65, 0, '', 'owner', '2018-04-10 09:06:44'),
(66, 'J14', 'น้ำเปล่า', 25, 5, 12, 12, 0, 0, 0, 0, '', '0xFFFFFF', 66, 0, '', 'owner', '2018-04-10 09:06:44'),
(67, 'H3-1', 'เกี๋ยวแผ่นทอด', 20, 1, 13, 13, 0, 0, 0, 0, '', '0xFFFFFF', 67, 0, '', 'jill', '2018-04-10 09:06:44'),
(68, 'H4', 'น้ำซุปใสธรรมดา', 15, 1, 13, 13, 0, 0, 0, 0, 'clear soup.jpg', '0xFFFFFF', 68, 1, '', 'jill', '2018-04-10 09:03:20'),
(69, 'H5', 'น้ำซุปใสมหัศจรรย์', 49, 1, 13, 13, 0, 0, 0, 0, 'wonderful soup.jpg', '0xFFFFFF', 69, 1, '', 'jill', '2018-04-10 09:03:15'),
(70, 'H9', 'เกี๊ยวปลาลวก', 79, 1, 13, 0, 0, 0, 0, 0, '', '0xFFFFFF', 70, 0, '', 'owner', '2018-04-10 09:06:44'),
(71, 'T1', 'ขนมจีบเมืองชล', 75, 3, 9, 0, 0, 0, 0, 0, '', '0xFFFFFF', 71, 0, '', 'manager', '2018-04-10 09:06:44'),
(72, 'T2', 'ไก่ทอดเคลือบชอส', 100, 3, 9, 0, 0, 0, 0, 0, '', '0xFFFFFF', 72, 0, '', 'manager', '2018-04-10 09:06:44'),
(73, 'T4', 'หมึกคลุกแป้งทอด โฮมเมด', 115, 3, 9, 0, 0, 0, 0, 0, 'fried squid.jpg', '0xFFFFFF', 73, 1, '', 'manager', '2018-04-10 09:05:10'),
(74, 'T5', 'ทอดมันปลาอินทรีย์พริกไทยดำ', 65, 3, 9, 0, 0, 0, 0, 0, '', '0xFFFFFF', 74, 0, '', 'manager', '2018-04-10 09:06:44'),
(75, 'T6', 'เกี๊ยวปลาลวกราดน้ำจิ้มซีฟู้ด', 85, 3, 9, 0, 0, 0, 0, 0, '', '0xFFFFFF', 75, 0, '', 'manager', '2018-04-10 09:06:44'),
(77, 'T8', 'โกโก้ร้อน', 60, 5, 12, 0, 0, 0, 0, 0, '', '0xFFFFFF', 77, 0, '', 'manager', '2018-04-10 09:06:44'),
(78, 'T10', 'ชาร้อน', 55, 5, 12, 0, 0, 0, 0, 0, '', '0xFFFFFF', 78, 0, '', 'owner', '2018-04-10 09:06:44'),
(79, 'T11', 'ข้าวต้มหมูทรงเครื่อง', 75, 1, 13, 0, 0, 0, 0, 0, '', '0xFFFFFF', 79, 0, '', 'owner', '2018-04-10 09:06:44'),
(80, 'T22', 'โค้กซีโร่', 30, 5, 12, 0, 0, 0, 0, 0, '', '0xFFFFFF', 80, 0, '', 'owner', '2018-04-10 09:06:44'),
(81, 'pro', 'pro ข้าวเหนียวเปียก', 0, 4, 10, 0, 0, 0, 0, 0, '', '0xFFFFFF', 81, 0, '', 'owner', '2018-04-10 09:06:44'),
(86, 'B2', 'ใหญ่น้ำยำ', 79, -1, -1, 2, 0, 0, 0, 0, '', '0xFFFFFF', 83, 0, '', 'manager', '2018-04-10 09:06:44'),
(87, 'C2', 'บะหมี่น้ำยำ', 79, 1, 2, 2, 0, 0, 0, 0, '', '0xFFFFFF', 84, 0, '', 'manager', '2018-04-10 09:06:44'),
(88, 'D2', 'เกี๊ยวหมูน้ำยำ', 89, 1, 2, 2, 0, 0, 0, 0, '', '0xFFFFFF', 85, 0, '', 'manager', '2018-04-10 09:06:44'),
(89, 'E2', 'บะหมี่เกี๊ยวหมูน้ำยำ', 99, 1, 2, 2, 0, 0, 0, 0, '', '0xFFFFFF', 86, 0, '', 'manager', '2018-04-10 09:06:44'),
(90, 'G5', 'เกาเหลาแห้งเย็นตาโฟ 2', 89, 1, 5, 5, 0, 0, 0, 0, '', '0xFFFFFF', 87, 0, '', 'jill', '2018-04-10 09:06:44'),
(91, 'R1', 'ปลากระพงอบเลมอน', 385, 9, 1, 1, 0, 0, 0, 0, 'bakeFish.jpg', '0xFFFFFF', 1, 0, '', 'manager', '2018-07-04 11:23:11'),
(92, 'R3', 'ไก่ย่าง ดั้งเดิม', 135, 9, 1, 1, 0, 0, 0, 0, 'grillChicken.jpg', '0xFFFFFF', 2, 0, '', 'manager', '2018-07-04 11:23:10'),
(93, 'R3', 'พิซซ่าแฮมซุปเปอร์ดีไลท์', 250, 9, 1, 1, 0, 0, 0, 0, 'pizzaHam.jpg', '0xFFFFFF', 3, 0, '', 'manager', '2018-07-04 11:23:07'),
(94, 'R4', 'กุ้งแพทอด', 135, 9, 1, 1, 0, 0, 0, 0, 'fried shrimp.jpg', '0xFFFFFF', 4, 0, '', 'manager', '2018-07-04 11:23:05'),
(95, 'R5', 'ทับทิมกรอบ สูตรคุณยาย', 65, 9, 1, 1, 0, 0, 0, 0, 'tubtim.jpg', '0xFFFFFF', 5, 0, '', 'manager', '2018-07-04 11:23:03'),
(96, 'R6', 'แซลมอนซาชิมิ', 330, 9, 1, 1, 0, 0, 0, 0, 'salmonSashimi.jpg', '0xFFFFFF', 4, 1, '', 'manager', '2018-07-04 11:31:34'),
(97, 'R7', 'บะหมี่แห้งเย็นตาโฟ', 99, 9, 1, 1, 0, 0, 0, 0, 'yentafo.jpg', '0xFFFFFF', 3, 1, '', 'manager', '2018-07-04 11:24:25'),
(98, 'R8', 'เบคอน แอนด์ เชดด้าชีส เบอร์เกอร์', 260, 9, 1, 1, 0, 0, 0, 0, 'burgur.jpg', '0xFFFFFF', 5, 0, '', 'manager', '2018-07-04 11:24:22'),
(99, 'R9', 'พิซซ่าแฮมซุปเปอร์ดีไลท์', 250, 9, 1, 1, 0, 0, 0, 0, 'pizzaHamMushroom.jpg', '0xFFFFFF', 1, 1, '', 'manager', '2018-07-04 11:24:19'),
(100, 'R9', 'กุ้งผัดพริกเกลือ คุณยาย', 230, 9, 1, 1, 0, 0, 0, 0, 'shrimpChilli.jpg', '0xFFFFFF', 2, 1, '', 'manager', '2018-07-04 11:31:30'),
(101, 'R11', 'แพนเค้ก ไอศครีมโฮมเมด', 185, 9, 1, 1, 0, 0, 0, 0, 'pancake.jpg', '0xFFFFFF', 5, 1, '', 'manager', '2018-07-04 11:25:45'),
(102, 'BF01', 'Shabu buffet premium', 799, 9, 0, 0, 0, 1, 0, 22290, 'allYouCanEat.jpg', '0xFFFFFF', 6, 1, '', 'manager', '2018-08-16 02:03:03'),
(103, 'BFS01', 'กุ้งแม่น้ำ', 0, 10, 0, 0, 0, 0, 102, 0, 'riverPrawn.jpg', '0xFFFFFF', 1, 1, '', 'manager', '2018-08-10 19:51:04'),
(104, 'BFS02', 'เบอร์เกอร์หมูคุโรบุตะ', 0, 10, 0, 0, 0, 0, 102, 0, 'burgur.jpg', '0xFFFFFF', 2, 1, '', 'manager', '2018-08-10 19:51:04'),
(105, 'BFS0_', 'บราวนี่ไอศครีม', 140, 10, 0, 0, 0, 0, 102, 0, 'brownieIceCream.jpg', '0xFFFFFF', 3, 1, '', 'manager', '2018-08-10 19:51:04');

-- --------------------------------------------------------

--
-- Table structure for table `menunote`
--

CREATE TABLE `menunote` (
  `MenuNoteID` int(11) NOT NULL,
  `MenuID` int(11) NOT NULL,
  `NoteID` int(11) NOT NULL,
  `ModifiedUser` varchar(50) NOT NULL,
  `ModifiedDate` datetime NOT NULL
) ENGINE=InnoDB DEFAULT CHARSET=utf8;

--
-- Dumping data for table `menunote`
--

INSERT INTO `menunote` (`MenuNoteID`, `MenuID`, `NoteID`, `ModifiedUser`, `ModifiedDate`) VALUES
(1, 1, 1, '', '0000-00-00 00:00:00'),
(2, 1, 2, '', '0000-00-00 00:00:00'),
(3, 1, 3, '', '0000-00-00 00:00:00'),
(4, 1, 4, '', '0000-00-00 00:00:00'),
(5, 1, 5, '', '0000-00-00 00:00:00'),
(6, 1, 6, '', '0000-00-00 00:00:00'),
(7, 1, 7, '', '0000-00-00 00:00:00'),
(8, 1, 8, '', '0000-00-00 00:00:00'),
(9, 1, 9, '', '0000-00-00 00:00:00'),
(10, 1, 10, '', '0000-00-00 00:00:00'),
(11, 1, 11, '', '0000-00-00 00:00:00'),
(12, 1, 12, '', '0000-00-00 00:00:00'),
(13, 1, 13, '', '0000-00-00 00:00:00'),
(14, 1, 14, '', '0000-00-00 00:00:00'),
(15, 1, 15, '', '0000-00-00 00:00:00'),
(16, 1, 16, '', '0000-00-00 00:00:00'),
(17, 1, 17, '', '0000-00-00 00:00:00'),
(18, 1, 18, '', '0000-00-00 00:00:00'),
(19, 1, 19, '', '0000-00-00 00:00:00'),
(20, 1, 20, '', '0000-00-00 00:00:00'),
(21, 1, 21, '', '0000-00-00 00:00:00'),
(22, 1, 22, '', '0000-00-00 00:00:00'),
(23, 1, 23, '', '0000-00-00 00:00:00'),
(24, 1, 24, '', '0000-00-00 00:00:00'),
(25, 1, 25, '', '0000-00-00 00:00:00'),
(26, 1, 26, '', '0000-00-00 00:00:00'),
(27, 1, 27, '', '0000-00-00 00:00:00'),
(28, 1, 28, '', '0000-00-00 00:00:00'),
(29, 1, 29, '', '0000-00-00 00:00:00'),
(30, 1, 30, '', '0000-00-00 00:00:00'),
(31, 1, 31, '', '0000-00-00 00:00:00'),
(32, 1, 32, '', '0000-00-00 00:00:00'),
(33, 1, 33, '', '0000-00-00 00:00:00'),
(34, 1, 34, '', '0000-00-00 00:00:00'),
(35, 1, 35, '', '0000-00-00 00:00:00'),
(36, 1, 36, '', '0000-00-00 00:00:00'),
(37, 1, 37, '', '0000-00-00 00:00:00'),
(38, 1, 38, '', '0000-00-00 00:00:00'),
(39, 1, 39, '', '0000-00-00 00:00:00'),
(40, 1, 40, '', '0000-00-00 00:00:00'),
(41, 1, 41, '', '0000-00-00 00:00:00'),
(42, 1, 42, '', '0000-00-00 00:00:00'),
(43, 1, 43, '', '0000-00-00 00:00:00'),
(44, 1, 44, '', '0000-00-00 00:00:00'),
(45, 1, 45, '', '0000-00-00 00:00:00'),
(46, 1, 46, '', '0000-00-00 00:00:00'),
(47, 1, 47, '', '0000-00-00 00:00:00'),
(48, 1, 48, '', '0000-00-00 00:00:00'),
(49, 1, 49, '', '0000-00-00 00:00:00'),
(50, 1, 50, '', '0000-00-00 00:00:00'),
(51, 1, 51, '', '0000-00-00 00:00:00'),
(52, 1, 52, '', '0000-00-00 00:00:00'),
(53, 1, 53, '', '0000-00-00 00:00:00'),
(54, 1, 55, '', '0000-00-00 00:00:00'),
(55, 1, 62, '', '0000-00-00 00:00:00'),
(56, 2, 1, '', '0000-00-00 00:00:00'),
(57, 2, 2, '', '0000-00-00 00:00:00'),
(58, 2, 3, '', '0000-00-00 00:00:00'),
(59, 2, 4, '', '0000-00-00 00:00:00'),
(60, 2, 5, '', '0000-00-00 00:00:00'),
(61, 2, 6, '', '0000-00-00 00:00:00'),
(62, 2, 7, '', '0000-00-00 00:00:00'),
(63, 2, 8, '', '0000-00-00 00:00:00'),
(64, 2, 9, '', '0000-00-00 00:00:00'),
(65, 2, 10, '', '0000-00-00 00:00:00'),
(66, 2, 11, '', '0000-00-00 00:00:00'),
(67, 2, 12, '', '0000-00-00 00:00:00'),
(68, 2, 13, '', '0000-00-00 00:00:00'),
(69, 2, 14, '', '0000-00-00 00:00:00'),
(70, 2, 15, '', '0000-00-00 00:00:00'),
(71, 2, 16, '', '0000-00-00 00:00:00'),
(72, 2, 17, '', '0000-00-00 00:00:00'),
(73, 2, 18, '', '0000-00-00 00:00:00'),
(74, 2, 19, '', '0000-00-00 00:00:00'),
(75, 2, 20, '', '0000-00-00 00:00:00'),
(76, 2, 21, '', '0000-00-00 00:00:00'),
(77, 2, 22, '', '0000-00-00 00:00:00'),
(78, 2, 23, '', '0000-00-00 00:00:00'),
(79, 2, 24, '', '0000-00-00 00:00:00'),
(80, 2, 25, '', '0000-00-00 00:00:00'),
(81, 2, 26, '', '0000-00-00 00:00:00'),
(82, 2, 27, '', '0000-00-00 00:00:00'),
(83, 2, 28, '', '0000-00-00 00:00:00'),
(84, 2, 29, '', '0000-00-00 00:00:00'),
(85, 2, 30, '', '0000-00-00 00:00:00'),
(86, 2, 31, '', '0000-00-00 00:00:00'),
(87, 2, 32, '', '0000-00-00 00:00:00'),
(88, 2, 33, '', '0000-00-00 00:00:00'),
(89, 2, 34, '', '0000-00-00 00:00:00'),
(90, 2, 35, '', '0000-00-00 00:00:00'),
(91, 2, 36, '', '0000-00-00 00:00:00'),
(92, 2, 37, '', '0000-00-00 00:00:00'),
(93, 2, 38, '', '0000-00-00 00:00:00'),
(94, 2, 39, '', '0000-00-00 00:00:00'),
(95, 2, 40, '', '0000-00-00 00:00:00'),
(96, 2, 41, '', '0000-00-00 00:00:00'),
(97, 2, 42, '', '0000-00-00 00:00:00'),
(98, 2, 43, '', '0000-00-00 00:00:00'),
(99, 2, 44, '', '0000-00-00 00:00:00'),
(100, 2, 45, '', '0000-00-00 00:00:00'),
(101, 2, 46, '', '0000-00-00 00:00:00'),
(102, 2, 47, '', '0000-00-00 00:00:00'),
(103, 2, 48, '', '0000-00-00 00:00:00'),
(104, 2, 49, '', '0000-00-00 00:00:00'),
(105, 2, 50, '', '0000-00-00 00:00:00'),
(106, 2, 51, '', '0000-00-00 00:00:00'),
(107, 2, 52, '', '0000-00-00 00:00:00'),
(108, 2, 53, '', '0000-00-00 00:00:00'),
(109, 2, 55, '', '0000-00-00 00:00:00'),
(110, 2, 62, '', '0000-00-00 00:00:00'),
(111, 3, 1, '', '0000-00-00 00:00:00'),
(112, 3, 2, '', '0000-00-00 00:00:00'),
(113, 3, 3, '', '0000-00-00 00:00:00'),
(114, 3, 4, '', '0000-00-00 00:00:00'),
(115, 3, 5, '', '0000-00-00 00:00:00'),
(116, 3, 6, '', '0000-00-00 00:00:00'),
(117, 3, 7, '', '0000-00-00 00:00:00'),
(118, 3, 8, '', '0000-00-00 00:00:00'),
(119, 3, 9, '', '0000-00-00 00:00:00'),
(120, 3, 10, '', '0000-00-00 00:00:00'),
(121, 3, 11, '', '0000-00-00 00:00:00'),
(122, 3, 12, '', '0000-00-00 00:00:00'),
(123, 3, 13, '', '0000-00-00 00:00:00'),
(124, 3, 14, '', '0000-00-00 00:00:00'),
(125, 3, 15, '', '0000-00-00 00:00:00'),
(126, 3, 16, '', '0000-00-00 00:00:00'),
(127, 3, 17, '', '0000-00-00 00:00:00'),
(128, 3, 18, '', '0000-00-00 00:00:00'),
(129, 3, 19, '', '0000-00-00 00:00:00'),
(130, 3, 20, '', '0000-00-00 00:00:00'),
(131, 3, 21, '', '0000-00-00 00:00:00'),
(132, 3, 22, '', '0000-00-00 00:00:00'),
(133, 3, 23, '', '0000-00-00 00:00:00'),
(134, 3, 24, '', '0000-00-00 00:00:00'),
(135, 3, 25, '', '0000-00-00 00:00:00'),
(136, 3, 26, '', '0000-00-00 00:00:00'),
(137, 3, 27, '', '0000-00-00 00:00:00'),
(138, 3, 28, '', '0000-00-00 00:00:00'),
(139, 3, 29, '', '0000-00-00 00:00:00'),
(140, 3, 30, '', '0000-00-00 00:00:00'),
(141, 3, 31, '', '0000-00-00 00:00:00'),
(142, 3, 32, '', '0000-00-00 00:00:00'),
(143, 3, 33, '', '0000-00-00 00:00:00'),
(144, 3, 34, '', '0000-00-00 00:00:00'),
(145, 3, 35, '', '0000-00-00 00:00:00'),
(146, 3, 36, '', '0000-00-00 00:00:00'),
(147, 3, 37, '', '0000-00-00 00:00:00'),
(148, 3, 38, '', '0000-00-00 00:00:00'),
(149, 3, 39, '', '0000-00-00 00:00:00'),
(150, 3, 40, '', '0000-00-00 00:00:00'),
(151, 3, 41, '', '0000-00-00 00:00:00'),
(152, 3, 42, '', '0000-00-00 00:00:00'),
(153, 3, 43, '', '0000-00-00 00:00:00'),
(154, 3, 44, '', '0000-00-00 00:00:00'),
(155, 3, 45, '', '0000-00-00 00:00:00'),
(156, 3, 46, '', '0000-00-00 00:00:00'),
(157, 3, 47, '', '0000-00-00 00:00:00'),
(158, 3, 48, '', '0000-00-00 00:00:00'),
(159, 3, 49, '', '0000-00-00 00:00:00'),
(160, 3, 50, '', '0000-00-00 00:00:00'),
(161, 3, 51, '', '0000-00-00 00:00:00'),
(162, 3, 52, '', '0000-00-00 00:00:00'),
(163, 3, 53, '', '0000-00-00 00:00:00'),
(164, 3, 55, '', '0000-00-00 00:00:00'),
(165, 3, 62, '', '0000-00-00 00:00:00'),
(166, 4, 1, '', '0000-00-00 00:00:00'),
(167, 4, 2, '', '0000-00-00 00:00:00'),
(168, 4, 3, '', '0000-00-00 00:00:00'),
(169, 4, 4, '', '0000-00-00 00:00:00'),
(170, 4, 5, '', '0000-00-00 00:00:00'),
(171, 4, 6, '', '0000-00-00 00:00:00'),
(172, 4, 7, '', '0000-00-00 00:00:00'),
(173, 4, 8, '', '0000-00-00 00:00:00'),
(174, 4, 9, '', '0000-00-00 00:00:00'),
(175, 4, 10, '', '0000-00-00 00:00:00'),
(176, 4, 11, '', '0000-00-00 00:00:00'),
(177, 4, 12, '', '0000-00-00 00:00:00'),
(178, 4, 13, '', '0000-00-00 00:00:00'),
(179, 4, 14, '', '0000-00-00 00:00:00'),
(180, 4, 15, '', '0000-00-00 00:00:00'),
(181, 4, 16, '', '0000-00-00 00:00:00'),
(182, 4, 17, '', '0000-00-00 00:00:00'),
(183, 4, 18, '', '0000-00-00 00:00:00'),
(184, 4, 19, '', '0000-00-00 00:00:00'),
(185, 4, 20, '', '0000-00-00 00:00:00'),
(186, 4, 21, '', '0000-00-00 00:00:00'),
(187, 4, 22, '', '0000-00-00 00:00:00'),
(188, 4, 23, '', '0000-00-00 00:00:00'),
(189, 4, 24, '', '0000-00-00 00:00:00'),
(190, 4, 25, '', '0000-00-00 00:00:00'),
(191, 4, 26, '', '0000-00-00 00:00:00'),
(192, 4, 27, '', '0000-00-00 00:00:00'),
(193, 4, 28, '', '0000-00-00 00:00:00'),
(194, 4, 29, '', '0000-00-00 00:00:00'),
(195, 4, 30, '', '0000-00-00 00:00:00'),
(196, 4, 31, '', '0000-00-00 00:00:00'),
(197, 4, 32, '', '0000-00-00 00:00:00'),
(198, 4, 33, '', '0000-00-00 00:00:00'),
(199, 4, 34, '', '0000-00-00 00:00:00'),
(200, 4, 35, '', '0000-00-00 00:00:00'),
(201, 4, 36, '', '0000-00-00 00:00:00'),
(202, 4, 37, '', '0000-00-00 00:00:00'),
(203, 4, 38, '', '0000-00-00 00:00:00'),
(204, 4, 39, '', '0000-00-00 00:00:00'),
(205, 4, 40, '', '0000-00-00 00:00:00'),
(206, 4, 41, '', '0000-00-00 00:00:00'),
(207, 4, 42, '', '0000-00-00 00:00:00'),
(208, 4, 43, '', '0000-00-00 00:00:00'),
(209, 4, 44, '', '0000-00-00 00:00:00'),
(210, 4, 45, '', '0000-00-00 00:00:00'),
(211, 4, 46, '', '0000-00-00 00:00:00'),
(212, 4, 47, '', '0000-00-00 00:00:00'),
(213, 4, 48, '', '0000-00-00 00:00:00'),
(214, 4, 49, '', '0000-00-00 00:00:00'),
(215, 4, 50, '', '0000-00-00 00:00:00'),
(216, 4, 51, '', '0000-00-00 00:00:00'),
(217, 4, 52, '', '0000-00-00 00:00:00'),
(218, 4, 53, '', '0000-00-00 00:00:00'),
(219, 4, 55, '', '0000-00-00 00:00:00'),
(220, 4, 62, '', '0000-00-00 00:00:00'),
(221, 5, 1, '', '0000-00-00 00:00:00'),
(222, 5, 2, '', '0000-00-00 00:00:00'),
(223, 5, 3, '', '0000-00-00 00:00:00'),
(224, 5, 4, '', '0000-00-00 00:00:00'),
(225, 5, 5, '', '0000-00-00 00:00:00'),
(226, 5, 6, '', '0000-00-00 00:00:00'),
(227, 5, 7, '', '0000-00-00 00:00:00'),
(228, 5, 8, '', '0000-00-00 00:00:00'),
(229, 5, 9, '', '0000-00-00 00:00:00'),
(230, 5, 10, '', '0000-00-00 00:00:00'),
(231, 5, 11, '', '0000-00-00 00:00:00'),
(232, 5, 12, '', '0000-00-00 00:00:00'),
(233, 5, 13, '', '0000-00-00 00:00:00'),
(234, 5, 14, '', '0000-00-00 00:00:00'),
(235, 5, 15, '', '0000-00-00 00:00:00'),
(236, 5, 16, '', '0000-00-00 00:00:00'),
(237, 5, 17, '', '0000-00-00 00:00:00'),
(238, 5, 18, '', '0000-00-00 00:00:00'),
(239, 5, 19, '', '0000-00-00 00:00:00'),
(240, 5, 20, '', '0000-00-00 00:00:00'),
(241, 5, 21, '', '0000-00-00 00:00:00'),
(242, 5, 22, '', '0000-00-00 00:00:00'),
(243, 5, 23, '', '0000-00-00 00:00:00'),
(244, 5, 24, '', '0000-00-00 00:00:00'),
(245, 5, 25, '', '0000-00-00 00:00:00'),
(246, 5, 26, '', '0000-00-00 00:00:00'),
(247, 5, 27, '', '0000-00-00 00:00:00'),
(248, 5, 28, '', '0000-00-00 00:00:00'),
(249, 5, 29, '', '0000-00-00 00:00:00'),
(250, 5, 30, '', '0000-00-00 00:00:00'),
(251, 5, 31, '', '0000-00-00 00:00:00'),
(252, 5, 32, '', '0000-00-00 00:00:00'),
(253, 5, 33, '', '0000-00-00 00:00:00'),
(254, 5, 34, '', '0000-00-00 00:00:00'),
(255, 5, 35, '', '0000-00-00 00:00:00'),
(256, 5, 36, '', '0000-00-00 00:00:00'),
(257, 5, 37, '', '0000-00-00 00:00:00'),
(258, 5, 38, '', '0000-00-00 00:00:00'),
(259, 5, 39, '', '0000-00-00 00:00:00'),
(260, 5, 40, '', '0000-00-00 00:00:00'),
(261, 5, 41, '', '0000-00-00 00:00:00'),
(262, 5, 42, '', '0000-00-00 00:00:00'),
(263, 5, 43, '', '0000-00-00 00:00:00'),
(264, 5, 44, '', '0000-00-00 00:00:00'),
(265, 5, 45, '', '0000-00-00 00:00:00'),
(266, 5, 46, '', '0000-00-00 00:00:00'),
(267, 5, 47, '', '0000-00-00 00:00:00'),
(268, 5, 48, '', '0000-00-00 00:00:00'),
(269, 5, 49, '', '0000-00-00 00:00:00'),
(270, 5, 50, '', '0000-00-00 00:00:00'),
(271, 5, 51, '', '0000-00-00 00:00:00'),
(272, 5, 52, '', '0000-00-00 00:00:00'),
(273, 5, 53, '', '0000-00-00 00:00:00'),
(274, 5, 55, '', '0000-00-00 00:00:00'),
(275, 5, 62, '', '0000-00-00 00:00:00'),
(276, 6, 1, '', '0000-00-00 00:00:00'),
(277, 6, 2, '', '0000-00-00 00:00:00'),
(278, 6, 3, '', '0000-00-00 00:00:00'),
(279, 6, 4, '', '0000-00-00 00:00:00'),
(280, 6, 5, '', '0000-00-00 00:00:00'),
(281, 6, 6, '', '0000-00-00 00:00:00'),
(282, 6, 7, '', '0000-00-00 00:00:00'),
(283, 6, 8, '', '0000-00-00 00:00:00'),
(284, 6, 9, '', '0000-00-00 00:00:00'),
(285, 6, 10, '', '0000-00-00 00:00:00'),
(286, 6, 11, '', '0000-00-00 00:00:00'),
(287, 6, 12, '', '0000-00-00 00:00:00'),
(288, 6, 13, '', '0000-00-00 00:00:00'),
(289, 6, 14, '', '0000-00-00 00:00:00'),
(290, 6, 15, '', '0000-00-00 00:00:00'),
(291, 6, 16, '', '0000-00-00 00:00:00'),
(292, 6, 17, '', '0000-00-00 00:00:00'),
(293, 6, 18, '', '0000-00-00 00:00:00'),
(294, 6, 19, '', '0000-00-00 00:00:00'),
(295, 6, 20, '', '0000-00-00 00:00:00'),
(296, 6, 21, '', '0000-00-00 00:00:00'),
(297, 6, 22, '', '0000-00-00 00:00:00'),
(298, 6, 23, '', '0000-00-00 00:00:00'),
(299, 6, 24, '', '0000-00-00 00:00:00'),
(300, 6, 25, '', '0000-00-00 00:00:00'),
(301, 6, 26, '', '0000-00-00 00:00:00'),
(302, 6, 27, '', '0000-00-00 00:00:00'),
(303, 6, 28, '', '0000-00-00 00:00:00'),
(304, 6, 29, '', '0000-00-00 00:00:00'),
(305, 6, 30, '', '0000-00-00 00:00:00'),
(306, 6, 31, '', '0000-00-00 00:00:00'),
(307, 6, 32, '', '0000-00-00 00:00:00'),
(308, 6, 33, '', '0000-00-00 00:00:00'),
(309, 6, 34, '', '0000-00-00 00:00:00'),
(310, 6, 35, '', '0000-00-00 00:00:00'),
(311, 6, 36, '', '0000-00-00 00:00:00'),
(312, 6, 37, '', '0000-00-00 00:00:00'),
(313, 6, 38, '', '0000-00-00 00:00:00'),
(314, 6, 39, '', '0000-00-00 00:00:00'),
(315, 6, 40, '', '0000-00-00 00:00:00'),
(316, 6, 41, '', '0000-00-00 00:00:00'),
(317, 6, 42, '', '0000-00-00 00:00:00'),
(318, 6, 43, '', '0000-00-00 00:00:00'),
(319, 6, 44, '', '0000-00-00 00:00:00'),
(320, 6, 45, '', '0000-00-00 00:00:00'),
(321, 6, 46, '', '0000-00-00 00:00:00'),
(322, 6, 47, '', '0000-00-00 00:00:00'),
(323, 6, 48, '', '0000-00-00 00:00:00'),
(324, 6, 49, '', '0000-00-00 00:00:00'),
(325, 6, 50, '', '0000-00-00 00:00:00'),
(326, 6, 51, '', '0000-00-00 00:00:00'),
(327, 6, 52, '', '0000-00-00 00:00:00'),
(328, 6, 53, '', '0000-00-00 00:00:00'),
(329, 6, 55, '', '0000-00-00 00:00:00'),
(330, 6, 62, '', '0000-00-00 00:00:00'),
(331, 7, 1, '', '0000-00-00 00:00:00'),
(332, 7, 2, '', '0000-00-00 00:00:00'),
(333, 7, 3, '', '0000-00-00 00:00:00'),
(334, 7, 4, '', '0000-00-00 00:00:00'),
(335, 7, 5, '', '0000-00-00 00:00:00'),
(336, 7, 6, '', '0000-00-00 00:00:00'),
(337, 7, 7, '', '0000-00-00 00:00:00'),
(338, 7, 8, '', '0000-00-00 00:00:00'),
(339, 7, 9, '', '0000-00-00 00:00:00'),
(340, 7, 10, '', '0000-00-00 00:00:00'),
(341, 7, 11, '', '0000-00-00 00:00:00'),
(342, 7, 12, '', '0000-00-00 00:00:00'),
(343, 7, 13, '', '0000-00-00 00:00:00'),
(344, 7, 14, '', '0000-00-00 00:00:00'),
(345, 7, 15, '', '0000-00-00 00:00:00'),
(346, 7, 16, '', '0000-00-00 00:00:00'),
(347, 7, 17, '', '0000-00-00 00:00:00'),
(348, 7, 18, '', '0000-00-00 00:00:00'),
(349, 7, 19, '', '0000-00-00 00:00:00'),
(350, 7, 20, '', '0000-00-00 00:00:00'),
(351, 7, 21, '', '0000-00-00 00:00:00'),
(352, 7, 22, '', '0000-00-00 00:00:00'),
(353, 7, 23, '', '0000-00-00 00:00:00'),
(354, 7, 24, '', '0000-00-00 00:00:00'),
(355, 7, 25, '', '0000-00-00 00:00:00'),
(356, 7, 26, '', '0000-00-00 00:00:00'),
(357, 7, 27, '', '0000-00-00 00:00:00'),
(358, 7, 28, '', '0000-00-00 00:00:00'),
(359, 7, 29, '', '0000-00-00 00:00:00'),
(360, 7, 30, '', '0000-00-00 00:00:00'),
(361, 7, 31, '', '0000-00-00 00:00:00'),
(362, 7, 32, '', '0000-00-00 00:00:00'),
(363, 7, 33, '', '0000-00-00 00:00:00'),
(364, 7, 34, '', '0000-00-00 00:00:00'),
(365, 7, 35, '', '0000-00-00 00:00:00'),
(366, 7, 36, '', '0000-00-00 00:00:00'),
(367, 7, 37, '', '0000-00-00 00:00:00'),
(368, 7, 38, '', '0000-00-00 00:00:00'),
(369, 7, 39, '', '0000-00-00 00:00:00'),
(370, 7, 40, '', '0000-00-00 00:00:00'),
(371, 7, 41, '', '0000-00-00 00:00:00'),
(372, 7, 42, '', '0000-00-00 00:00:00'),
(373, 7, 43, '', '0000-00-00 00:00:00'),
(374, 7, 44, '', '0000-00-00 00:00:00'),
(375, 7, 45, '', '0000-00-00 00:00:00'),
(376, 7, 46, '', '0000-00-00 00:00:00'),
(377, 7, 47, '', '0000-00-00 00:00:00'),
(378, 7, 48, '', '0000-00-00 00:00:00'),
(379, 7, 49, '', '0000-00-00 00:00:00'),
(380, 7, 50, '', '0000-00-00 00:00:00'),
(381, 7, 51, '', '0000-00-00 00:00:00'),
(382, 7, 52, '', '0000-00-00 00:00:00'),
(383, 7, 53, '', '0000-00-00 00:00:00'),
(384, 7, 55, '', '0000-00-00 00:00:00'),
(385, 7, 62, '', '0000-00-00 00:00:00'),
(386, 8, 1, '', '0000-00-00 00:00:00'),
(387, 8, 2, '', '0000-00-00 00:00:00'),
(388, 8, 3, '', '0000-00-00 00:00:00'),
(389, 8, 4, '', '0000-00-00 00:00:00'),
(390, 8, 5, '', '0000-00-00 00:00:00'),
(391, 8, 6, '', '0000-00-00 00:00:00'),
(392, 8, 7, '', '0000-00-00 00:00:00'),
(393, 8, 8, '', '0000-00-00 00:00:00'),
(394, 8, 9, '', '0000-00-00 00:00:00'),
(395, 8, 10, '', '0000-00-00 00:00:00'),
(396, 8, 11, '', '0000-00-00 00:00:00'),
(397, 8, 12, '', '0000-00-00 00:00:00'),
(398, 8, 13, '', '0000-00-00 00:00:00'),
(399, 8, 14, '', '0000-00-00 00:00:00'),
(400, 8, 15, '', '0000-00-00 00:00:00'),
(401, 8, 16, '', '0000-00-00 00:00:00'),
(402, 8, 17, '', '0000-00-00 00:00:00'),
(403, 8, 18, '', '0000-00-00 00:00:00'),
(404, 8, 19, '', '0000-00-00 00:00:00'),
(405, 8, 20, '', '0000-00-00 00:00:00'),
(406, 8, 21, '', '0000-00-00 00:00:00'),
(407, 8, 22, '', '0000-00-00 00:00:00'),
(408, 8, 23, '', '0000-00-00 00:00:00'),
(409, 8, 24, '', '0000-00-00 00:00:00'),
(410, 8, 25, '', '0000-00-00 00:00:00'),
(411, 8, 26, '', '0000-00-00 00:00:00'),
(412, 8, 27, '', '0000-00-00 00:00:00'),
(413, 8, 28, '', '0000-00-00 00:00:00'),
(414, 8, 29, '', '0000-00-00 00:00:00'),
(415, 8, 30, '', '0000-00-00 00:00:00'),
(416, 8, 31, '', '0000-00-00 00:00:00'),
(417, 8, 32, '', '0000-00-00 00:00:00'),
(418, 8, 33, '', '0000-00-00 00:00:00'),
(419, 8, 34, '', '0000-00-00 00:00:00'),
(420, 8, 35, '', '0000-00-00 00:00:00'),
(421, 8, 36, '', '0000-00-00 00:00:00'),
(422, 8, 37, '', '0000-00-00 00:00:00'),
(423, 8, 38, '', '0000-00-00 00:00:00'),
(424, 8, 39, '', '0000-00-00 00:00:00'),
(425, 8, 40, '', '0000-00-00 00:00:00'),
(426, 8, 41, '', '0000-00-00 00:00:00'),
(427, 8, 42, '', '0000-00-00 00:00:00'),
(428, 8, 43, '', '0000-00-00 00:00:00'),
(429, 8, 44, '', '0000-00-00 00:00:00'),
(430, 8, 45, '', '0000-00-00 00:00:00'),
(431, 8, 46, '', '0000-00-00 00:00:00'),
(432, 8, 47, '', '0000-00-00 00:00:00'),
(433, 8, 48, '', '0000-00-00 00:00:00'),
(434, 8, 49, '', '0000-00-00 00:00:00'),
(435, 8, 50, '', '0000-00-00 00:00:00'),
(436, 8, 51, '', '0000-00-00 00:00:00'),
(437, 8, 52, '', '0000-00-00 00:00:00'),
(438, 8, 53, '', '0000-00-00 00:00:00'),
(439, 8, 55, '', '0000-00-00 00:00:00'),
(440, 8, 62, '', '0000-00-00 00:00:00'),
(441, 9, 1, '', '0000-00-00 00:00:00'),
(442, 9, 2, '', '0000-00-00 00:00:00'),
(443, 9, 3, '', '0000-00-00 00:00:00'),
(444, 9, 4, '', '0000-00-00 00:00:00'),
(445, 9, 5, '', '0000-00-00 00:00:00'),
(446, 9, 6, '', '0000-00-00 00:00:00'),
(447, 9, 7, '', '0000-00-00 00:00:00'),
(448, 9, 8, '', '0000-00-00 00:00:00'),
(449, 9, 9, '', '0000-00-00 00:00:00'),
(450, 9, 10, '', '0000-00-00 00:00:00'),
(451, 9, 11, '', '0000-00-00 00:00:00'),
(452, 9, 12, '', '0000-00-00 00:00:00'),
(453, 9, 13, '', '0000-00-00 00:00:00'),
(454, 9, 14, '', '0000-00-00 00:00:00'),
(455, 9, 15, '', '0000-00-00 00:00:00'),
(456, 9, 16, '', '0000-00-00 00:00:00'),
(457, 9, 17, '', '0000-00-00 00:00:00'),
(458, 9, 18, '', '0000-00-00 00:00:00'),
(459, 9, 19, '', '0000-00-00 00:00:00'),
(460, 9, 20, '', '0000-00-00 00:00:00'),
(461, 9, 21, '', '0000-00-00 00:00:00'),
(462, 9, 22, '', '0000-00-00 00:00:00'),
(463, 9, 23, '', '0000-00-00 00:00:00'),
(464, 9, 24, '', '0000-00-00 00:00:00'),
(465, 9, 25, '', '0000-00-00 00:00:00'),
(466, 9, 26, '', '0000-00-00 00:00:00'),
(467, 9, 27, '', '0000-00-00 00:00:00'),
(468, 9, 28, '', '0000-00-00 00:00:00'),
(469, 9, 29, '', '0000-00-00 00:00:00'),
(470, 9, 30, '', '0000-00-00 00:00:00'),
(471, 9, 31, '', '0000-00-00 00:00:00'),
(472, 9, 32, '', '0000-00-00 00:00:00'),
(473, 9, 33, '', '0000-00-00 00:00:00'),
(474, 9, 34, '', '0000-00-00 00:00:00'),
(475, 9, 35, '', '0000-00-00 00:00:00'),
(476, 9, 36, '', '0000-00-00 00:00:00'),
(477, 9, 37, '', '0000-00-00 00:00:00'),
(478, 9, 38, '', '0000-00-00 00:00:00'),
(479, 9, 39, '', '0000-00-00 00:00:00'),
(480, 9, 40, '', '0000-00-00 00:00:00'),
(481, 9, 41, '', '0000-00-00 00:00:00'),
(482, 9, 42, '', '0000-00-00 00:00:00'),
(483, 9, 43, '', '0000-00-00 00:00:00'),
(484, 9, 44, '', '0000-00-00 00:00:00'),
(485, 9, 45, '', '0000-00-00 00:00:00'),
(486, 9, 46, '', '0000-00-00 00:00:00'),
(487, 9, 47, '', '0000-00-00 00:00:00'),
(488, 9, 48, '', '0000-00-00 00:00:00'),
(489, 9, 49, '', '0000-00-00 00:00:00'),
(490, 9, 50, '', '0000-00-00 00:00:00'),
(491, 9, 51, '', '0000-00-00 00:00:00'),
(492, 9, 52, '', '0000-00-00 00:00:00'),
(493, 9, 53, '', '0000-00-00 00:00:00'),
(494, 9, 55, '', '0000-00-00 00:00:00'),
(495, 9, 62, '', '0000-00-00 00:00:00'),
(496, 10, 1, '', '0000-00-00 00:00:00'),
(497, 10, 2, '', '0000-00-00 00:00:00'),
(498, 10, 3, '', '0000-00-00 00:00:00'),
(499, 10, 4, '', '0000-00-00 00:00:00'),
(500, 10, 5, '', '0000-00-00 00:00:00'),
(501, 10, 6, '', '0000-00-00 00:00:00'),
(502, 10, 7, '', '0000-00-00 00:00:00'),
(503, 10, 8, '', '0000-00-00 00:00:00'),
(504, 10, 9, '', '0000-00-00 00:00:00'),
(505, 10, 10, '', '0000-00-00 00:00:00'),
(506, 10, 11, '', '0000-00-00 00:00:00'),
(507, 10, 12, '', '0000-00-00 00:00:00'),
(508, 10, 13, '', '0000-00-00 00:00:00'),
(509, 10, 14, '', '0000-00-00 00:00:00'),
(510, 10, 15, '', '0000-00-00 00:00:00'),
(511, 10, 16, '', '0000-00-00 00:00:00'),
(512, 10, 17, '', '0000-00-00 00:00:00'),
(513, 10, 18, '', '0000-00-00 00:00:00'),
(514, 10, 19, '', '0000-00-00 00:00:00'),
(515, 10, 20, '', '0000-00-00 00:00:00'),
(516, 10, 21, '', '0000-00-00 00:00:00'),
(517, 10, 22, '', '0000-00-00 00:00:00'),
(518, 10, 23, '', '0000-00-00 00:00:00'),
(519, 10, 24, '', '0000-00-00 00:00:00'),
(520, 10, 25, '', '0000-00-00 00:00:00'),
(521, 10, 26, '', '0000-00-00 00:00:00'),
(522, 10, 27, '', '0000-00-00 00:00:00'),
(523, 10, 28, '', '0000-00-00 00:00:00'),
(524, 10, 29, '', '0000-00-00 00:00:00'),
(525, 10, 30, '', '0000-00-00 00:00:00'),
(526, 10, 31, '', '0000-00-00 00:00:00'),
(527, 10, 32, '', '0000-00-00 00:00:00'),
(528, 10, 33, '', '0000-00-00 00:00:00'),
(529, 10, 34, '', '0000-00-00 00:00:00'),
(530, 10, 35, '', '0000-00-00 00:00:00'),
(531, 10, 36, '', '0000-00-00 00:00:00'),
(532, 10, 37, '', '0000-00-00 00:00:00'),
(533, 10, 38, '', '0000-00-00 00:00:00'),
(534, 10, 39, '', '0000-00-00 00:00:00'),
(535, 10, 40, '', '0000-00-00 00:00:00'),
(536, 10, 41, '', '0000-00-00 00:00:00'),
(537, 10, 42, '', '0000-00-00 00:00:00'),
(538, 10, 43, '', '0000-00-00 00:00:00'),
(539, 10, 44, '', '0000-00-00 00:00:00'),
(540, 10, 45, '', '0000-00-00 00:00:00'),
(541, 10, 46, '', '0000-00-00 00:00:00'),
(542, 10, 47, '', '0000-00-00 00:00:00'),
(543, 10, 48, '', '0000-00-00 00:00:00'),
(544, 10, 49, '', '0000-00-00 00:00:00'),
(545, 10, 50, '', '0000-00-00 00:00:00'),
(546, 10, 51, '', '0000-00-00 00:00:00'),
(547, 10, 52, '', '0000-00-00 00:00:00'),
(548, 10, 53, '', '0000-00-00 00:00:00'),
(549, 10, 55, '', '0000-00-00 00:00:00'),
(550, 10, 62, '', '0000-00-00 00:00:00'),
(551, 11, 1, '', '0000-00-00 00:00:00'),
(552, 11, 2, '', '0000-00-00 00:00:00'),
(553, 11, 3, '', '0000-00-00 00:00:00'),
(554, 11, 4, '', '0000-00-00 00:00:00'),
(555, 11, 5, '', '0000-00-00 00:00:00'),
(556, 11, 6, '', '0000-00-00 00:00:00'),
(557, 11, 7, '', '0000-00-00 00:00:00'),
(558, 11, 8, '', '0000-00-00 00:00:00'),
(559, 11, 9, '', '0000-00-00 00:00:00'),
(560, 11, 10, '', '0000-00-00 00:00:00'),
(561, 11, 11, '', '0000-00-00 00:00:00'),
(562, 11, 12, '', '0000-00-00 00:00:00'),
(563, 11, 13, '', '0000-00-00 00:00:00'),
(564, 11, 14, '', '0000-00-00 00:00:00'),
(565, 11, 15, '', '0000-00-00 00:00:00'),
(566, 11, 16, '', '0000-00-00 00:00:00'),
(567, 11, 17, '', '0000-00-00 00:00:00'),
(568, 11, 18, '', '0000-00-00 00:00:00'),
(569, 11, 19, '', '0000-00-00 00:00:00'),
(570, 11, 20, '', '0000-00-00 00:00:00'),
(571, 11, 21, '', '0000-00-00 00:00:00'),
(572, 11, 22, '', '0000-00-00 00:00:00'),
(573, 11, 23, '', '0000-00-00 00:00:00'),
(574, 11, 24, '', '0000-00-00 00:00:00'),
(575, 11, 25, '', '0000-00-00 00:00:00'),
(576, 11, 26, '', '0000-00-00 00:00:00'),
(577, 11, 27, '', '0000-00-00 00:00:00'),
(578, 11, 28, '', '0000-00-00 00:00:00'),
(579, 11, 29, '', '0000-00-00 00:00:00'),
(580, 11, 30, '', '0000-00-00 00:00:00'),
(581, 11, 31, '', '0000-00-00 00:00:00'),
(582, 11, 32, '', '0000-00-00 00:00:00'),
(583, 11, 33, '', '0000-00-00 00:00:00'),
(584, 11, 34, '', '0000-00-00 00:00:00'),
(585, 11, 35, '', '0000-00-00 00:00:00'),
(586, 11, 36, '', '0000-00-00 00:00:00'),
(587, 11, 37, '', '0000-00-00 00:00:00'),
(588, 11, 38, '', '0000-00-00 00:00:00'),
(589, 11, 39, '', '0000-00-00 00:00:00'),
(590, 11, 40, '', '0000-00-00 00:00:00'),
(591, 11, 41, '', '0000-00-00 00:00:00'),
(592, 11, 42, '', '0000-00-00 00:00:00'),
(593, 11, 43, '', '0000-00-00 00:00:00'),
(594, 11, 44, '', '0000-00-00 00:00:00'),
(595, 11, 45, '', '0000-00-00 00:00:00'),
(596, 11, 46, '', '0000-00-00 00:00:00'),
(597, 11, 47, '', '0000-00-00 00:00:00'),
(598, 11, 48, '', '0000-00-00 00:00:00'),
(599, 11, 49, '', '0000-00-00 00:00:00'),
(600, 11, 50, '', '0000-00-00 00:00:00'),
(601, 11, 51, '', '0000-00-00 00:00:00'),
(602, 11, 52, '', '0000-00-00 00:00:00'),
(603, 11, 53, '', '0000-00-00 00:00:00'),
(604, 11, 55, '', '0000-00-00 00:00:00'),
(605, 11, 62, '', '0000-00-00 00:00:00'),
(606, 12, 1, '', '0000-00-00 00:00:00'),
(607, 12, 2, '', '0000-00-00 00:00:00'),
(608, 12, 3, '', '0000-00-00 00:00:00'),
(609, 12, 4, '', '0000-00-00 00:00:00'),
(610, 12, 5, '', '0000-00-00 00:00:00'),
(611, 12, 6, '', '0000-00-00 00:00:00'),
(612, 12, 7, '', '0000-00-00 00:00:00'),
(613, 12, 8, '', '0000-00-00 00:00:00'),
(614, 12, 9, '', '0000-00-00 00:00:00'),
(615, 12, 10, '', '0000-00-00 00:00:00'),
(616, 12, 11, '', '0000-00-00 00:00:00'),
(617, 12, 12, '', '0000-00-00 00:00:00'),
(618, 12, 13, '', '0000-00-00 00:00:00'),
(619, 12, 14, '', '0000-00-00 00:00:00'),
(620, 12, 15, '', '0000-00-00 00:00:00'),
(621, 12, 16, '', '0000-00-00 00:00:00'),
(622, 12, 17, '', '0000-00-00 00:00:00'),
(623, 12, 18, '', '0000-00-00 00:00:00'),
(624, 12, 19, '', '0000-00-00 00:00:00'),
(625, 12, 20, '', '0000-00-00 00:00:00'),
(626, 12, 21, '', '0000-00-00 00:00:00'),
(627, 12, 22, '', '0000-00-00 00:00:00'),
(628, 12, 23, '', '0000-00-00 00:00:00'),
(629, 12, 24, '', '0000-00-00 00:00:00'),
(630, 12, 25, '', '0000-00-00 00:00:00'),
(631, 12, 26, '', '0000-00-00 00:00:00'),
(632, 12, 27, '', '0000-00-00 00:00:00'),
(633, 12, 28, '', '0000-00-00 00:00:00'),
(634, 12, 29, '', '0000-00-00 00:00:00'),
(635, 12, 30, '', '0000-00-00 00:00:00'),
(636, 12, 31, '', '0000-00-00 00:00:00'),
(637, 12, 32, '', '0000-00-00 00:00:00'),
(638, 12, 33, '', '0000-00-00 00:00:00'),
(639, 12, 34, '', '0000-00-00 00:00:00'),
(640, 12, 35, '', '0000-00-00 00:00:00'),
(641, 12, 36, '', '0000-00-00 00:00:00'),
(642, 12, 37, '', '0000-00-00 00:00:00'),
(643, 12, 38, '', '0000-00-00 00:00:00'),
(644, 12, 39, '', '0000-00-00 00:00:00'),
(645, 12, 40, '', '0000-00-00 00:00:00'),
(646, 12, 41, '', '0000-00-00 00:00:00'),
(647, 12, 42, '', '0000-00-00 00:00:00'),
(648, 12, 43, '', '0000-00-00 00:00:00'),
(649, 12, 44, '', '0000-00-00 00:00:00'),
(650, 12, 45, '', '0000-00-00 00:00:00'),
(651, 12, 46, '', '0000-00-00 00:00:00'),
(652, 12, 47, '', '0000-00-00 00:00:00'),
(653, 12, 48, '', '0000-00-00 00:00:00'),
(654, 12, 49, '', '0000-00-00 00:00:00'),
(655, 12, 50, '', '0000-00-00 00:00:00'),
(656, 12, 51, '', '0000-00-00 00:00:00'),
(657, 12, 52, '', '0000-00-00 00:00:00'),
(658, 12, 53, '', '0000-00-00 00:00:00'),
(659, 12, 55, '', '0000-00-00 00:00:00'),
(660, 12, 62, '', '0000-00-00 00:00:00'),
(661, 13, 1, '', '0000-00-00 00:00:00'),
(662, 13, 2, '', '0000-00-00 00:00:00'),
(663, 13, 3, '', '0000-00-00 00:00:00'),
(664, 13, 4, '', '0000-00-00 00:00:00'),
(665, 13, 5, '', '0000-00-00 00:00:00'),
(666, 13, 6, '', '0000-00-00 00:00:00'),
(667, 13, 7, '', '0000-00-00 00:00:00'),
(668, 13, 8, '', '0000-00-00 00:00:00'),
(669, 13, 9, '', '0000-00-00 00:00:00'),
(670, 13, 10, '', '0000-00-00 00:00:00'),
(671, 13, 11, '', '0000-00-00 00:00:00'),
(672, 13, 12, '', '0000-00-00 00:00:00'),
(673, 13, 13, '', '0000-00-00 00:00:00'),
(674, 13, 14, '', '0000-00-00 00:00:00'),
(675, 13, 15, '', '0000-00-00 00:00:00'),
(676, 13, 16, '', '0000-00-00 00:00:00'),
(677, 13, 17, '', '0000-00-00 00:00:00'),
(678, 13, 18, '', '0000-00-00 00:00:00'),
(679, 13, 19, '', '0000-00-00 00:00:00'),
(680, 13, 20, '', '0000-00-00 00:00:00'),
(681, 13, 21, '', '0000-00-00 00:00:00'),
(682, 13, 22, '', '0000-00-00 00:00:00'),
(683, 13, 23, '', '0000-00-00 00:00:00'),
(684, 13, 24, '', '0000-00-00 00:00:00'),
(685, 13, 25, '', '0000-00-00 00:00:00'),
(686, 13, 26, '', '0000-00-00 00:00:00'),
(687, 13, 27, '', '0000-00-00 00:00:00'),
(688, 13, 28, '', '0000-00-00 00:00:00'),
(689, 13, 29, '', '0000-00-00 00:00:00'),
(690, 13, 30, '', '0000-00-00 00:00:00'),
(691, 13, 31, '', '0000-00-00 00:00:00'),
(692, 13, 32, '', '0000-00-00 00:00:00'),
(693, 13, 33, '', '0000-00-00 00:00:00'),
(694, 13, 34, '', '0000-00-00 00:00:00'),
(695, 13, 35, '', '0000-00-00 00:00:00'),
(696, 13, 36, '', '0000-00-00 00:00:00'),
(697, 13, 37, '', '0000-00-00 00:00:00'),
(698, 13, 38, '', '0000-00-00 00:00:00'),
(699, 13, 39, '', '0000-00-00 00:00:00'),
(700, 13, 40, '', '0000-00-00 00:00:00'),
(701, 13, 41, '', '0000-00-00 00:00:00'),
(702, 13, 42, '', '0000-00-00 00:00:00'),
(703, 13, 43, '', '0000-00-00 00:00:00'),
(704, 13, 44, '', '0000-00-00 00:00:00'),
(705, 13, 45, '', '0000-00-00 00:00:00'),
(706, 13, 46, '', '0000-00-00 00:00:00'),
(707, 13, 47, '', '0000-00-00 00:00:00'),
(708, 13, 48, '', '0000-00-00 00:00:00'),
(709, 13, 49, '', '0000-00-00 00:00:00'),
(710, 13, 50, '', '0000-00-00 00:00:00'),
(711, 13, 51, '', '0000-00-00 00:00:00'),
(712, 13, 52, '', '0000-00-00 00:00:00'),
(713, 13, 53, '', '0000-00-00 00:00:00'),
(714, 13, 55, '', '0000-00-00 00:00:00'),
(715, 13, 62, '', '0000-00-00 00:00:00'),
(716, 14, 1, '', '0000-00-00 00:00:00'),
(717, 14, 2, '', '0000-00-00 00:00:00'),
(718, 14, 3, '', '0000-00-00 00:00:00'),
(719, 14, 4, '', '0000-00-00 00:00:00'),
(720, 14, 5, '', '0000-00-00 00:00:00'),
(721, 14, 6, '', '0000-00-00 00:00:00'),
(722, 14, 7, '', '0000-00-00 00:00:00'),
(723, 14, 8, '', '0000-00-00 00:00:00'),
(724, 14, 9, '', '0000-00-00 00:00:00'),
(725, 14, 10, '', '0000-00-00 00:00:00'),
(726, 14, 11, '', '0000-00-00 00:00:00'),
(727, 14, 12, '', '0000-00-00 00:00:00'),
(728, 14, 13, '', '0000-00-00 00:00:00'),
(729, 14, 14, '', '0000-00-00 00:00:00'),
(730, 14, 15, '', '0000-00-00 00:00:00'),
(731, 14, 16, '', '0000-00-00 00:00:00'),
(732, 14, 17, '', '0000-00-00 00:00:00'),
(733, 14, 18, '', '0000-00-00 00:00:00'),
(734, 14, 19, '', '0000-00-00 00:00:00'),
(735, 14, 20, '', '0000-00-00 00:00:00'),
(736, 14, 21, '', '0000-00-00 00:00:00'),
(737, 14, 22, '', '0000-00-00 00:00:00'),
(738, 14, 23, '', '0000-00-00 00:00:00'),
(739, 14, 24, '', '0000-00-00 00:00:00'),
(740, 14, 25, '', '0000-00-00 00:00:00'),
(741, 14, 26, '', '0000-00-00 00:00:00'),
(742, 14, 27, '', '0000-00-00 00:00:00'),
(743, 14, 28, '', '0000-00-00 00:00:00'),
(744, 14, 29, '', '0000-00-00 00:00:00'),
(745, 14, 30, '', '0000-00-00 00:00:00'),
(746, 14, 31, '', '0000-00-00 00:00:00'),
(747, 14, 32, '', '0000-00-00 00:00:00'),
(748, 14, 33, '', '0000-00-00 00:00:00'),
(749, 14, 34, '', '0000-00-00 00:00:00'),
(750, 14, 35, '', '0000-00-00 00:00:00'),
(751, 14, 36, '', '0000-00-00 00:00:00'),
(752, 14, 37, '', '0000-00-00 00:00:00'),
(753, 14, 38, '', '0000-00-00 00:00:00'),
(754, 14, 39, '', '0000-00-00 00:00:00'),
(755, 14, 40, '', '0000-00-00 00:00:00'),
(756, 14, 41, '', '0000-00-00 00:00:00'),
(757, 14, 42, '', '0000-00-00 00:00:00'),
(758, 14, 43, '', '0000-00-00 00:00:00'),
(759, 14, 44, '', '0000-00-00 00:00:00'),
(760, 14, 45, '', '0000-00-00 00:00:00'),
(761, 14, 46, '', '0000-00-00 00:00:00'),
(762, 14, 47, '', '0000-00-00 00:00:00'),
(763, 14, 48, '', '0000-00-00 00:00:00'),
(764, 14, 49, '', '0000-00-00 00:00:00'),
(765, 14, 50, '', '0000-00-00 00:00:00'),
(766, 14, 51, '', '0000-00-00 00:00:00'),
(767, 14, 52, '', '0000-00-00 00:00:00'),
(768, 14, 53, '', '0000-00-00 00:00:00'),
(769, 14, 55, '', '0000-00-00 00:00:00'),
(770, 14, 62, '', '0000-00-00 00:00:00'),
(771, 15, 1, '', '0000-00-00 00:00:00'),
(772, 15, 2, '', '0000-00-00 00:00:00'),
(773, 15, 3, '', '0000-00-00 00:00:00'),
(774, 15, 4, '', '0000-00-00 00:00:00'),
(775, 15, 5, '', '0000-00-00 00:00:00'),
(776, 15, 6, '', '0000-00-00 00:00:00'),
(777, 15, 7, '', '0000-00-00 00:00:00'),
(778, 15, 8, '', '0000-00-00 00:00:00'),
(779, 15, 9, '', '0000-00-00 00:00:00'),
(780, 15, 10, '', '0000-00-00 00:00:00'),
(781, 15, 11, '', '0000-00-00 00:00:00'),
(782, 15, 12, '', '0000-00-00 00:00:00'),
(783, 15, 13, '', '0000-00-00 00:00:00'),
(784, 15, 14, '', '0000-00-00 00:00:00'),
(785, 15, 15, '', '0000-00-00 00:00:00'),
(786, 15, 16, '', '0000-00-00 00:00:00'),
(787, 15, 17, '', '0000-00-00 00:00:00'),
(788, 15, 18, '', '0000-00-00 00:00:00'),
(789, 15, 19, '', '0000-00-00 00:00:00'),
(790, 15, 20, '', '0000-00-00 00:00:00'),
(791, 15, 21, '', '0000-00-00 00:00:00'),
(792, 15, 22, '', '0000-00-00 00:00:00'),
(793, 15, 23, '', '0000-00-00 00:00:00'),
(794, 15, 24, '', '0000-00-00 00:00:00'),
(795, 15, 25, '', '0000-00-00 00:00:00'),
(796, 15, 26, '', '0000-00-00 00:00:00'),
(797, 15, 27, '', '0000-00-00 00:00:00'),
(798, 15, 28, '', '0000-00-00 00:00:00'),
(799, 15, 29, '', '0000-00-00 00:00:00'),
(800, 15, 30, '', '0000-00-00 00:00:00'),
(801, 15, 31, '', '0000-00-00 00:00:00'),
(802, 15, 32, '', '0000-00-00 00:00:00'),
(803, 15, 33, '', '0000-00-00 00:00:00'),
(804, 15, 34, '', '0000-00-00 00:00:00'),
(805, 15, 35, '', '0000-00-00 00:00:00'),
(806, 15, 36, '', '0000-00-00 00:00:00'),
(807, 15, 37, '', '0000-00-00 00:00:00'),
(808, 15, 38, '', '0000-00-00 00:00:00'),
(809, 15, 39, '', '0000-00-00 00:00:00'),
(810, 15, 40, '', '0000-00-00 00:00:00'),
(811, 15, 41, '', '0000-00-00 00:00:00'),
(812, 15, 42, '', '0000-00-00 00:00:00'),
(813, 15, 43, '', '0000-00-00 00:00:00'),
(814, 15, 44, '', '0000-00-00 00:00:00'),
(815, 15, 45, '', '0000-00-00 00:00:00'),
(816, 15, 46, '', '0000-00-00 00:00:00'),
(817, 15, 47, '', '0000-00-00 00:00:00'),
(818, 15, 48, '', '0000-00-00 00:00:00'),
(819, 15, 49, '', '0000-00-00 00:00:00'),
(820, 15, 50, '', '0000-00-00 00:00:00'),
(821, 15, 51, '', '0000-00-00 00:00:00'),
(822, 15, 52, '', '0000-00-00 00:00:00'),
(823, 15, 53, '', '0000-00-00 00:00:00'),
(824, 15, 55, '', '0000-00-00 00:00:00'),
(825, 15, 62, '', '0000-00-00 00:00:00'),
(826, 16, 1, '', '0000-00-00 00:00:00'),
(827, 16, 2, '', '0000-00-00 00:00:00'),
(828, 16, 3, '', '0000-00-00 00:00:00'),
(829, 16, 4, '', '0000-00-00 00:00:00'),
(830, 16, 5, '', '0000-00-00 00:00:00'),
(831, 16, 6, '', '0000-00-00 00:00:00'),
(832, 16, 7, '', '0000-00-00 00:00:00'),
(833, 16, 8, '', '0000-00-00 00:00:00'),
(834, 16, 9, '', '0000-00-00 00:00:00'),
(835, 16, 10, '', '0000-00-00 00:00:00'),
(836, 16, 11, '', '0000-00-00 00:00:00'),
(837, 16, 12, '', '0000-00-00 00:00:00'),
(838, 16, 13, '', '0000-00-00 00:00:00'),
(839, 16, 14, '', '0000-00-00 00:00:00'),
(840, 16, 15, '', '0000-00-00 00:00:00'),
(841, 16, 16, '', '0000-00-00 00:00:00'),
(842, 16, 17, '', '0000-00-00 00:00:00'),
(843, 16, 18, '', '0000-00-00 00:00:00'),
(844, 16, 19, '', '0000-00-00 00:00:00'),
(845, 16, 20, '', '0000-00-00 00:00:00'),
(846, 16, 21, '', '0000-00-00 00:00:00'),
(847, 16, 22, '', '0000-00-00 00:00:00'),
(848, 16, 23, '', '0000-00-00 00:00:00'),
(849, 16, 24, '', '0000-00-00 00:00:00'),
(850, 16, 25, '', '0000-00-00 00:00:00'),
(851, 16, 26, '', '0000-00-00 00:00:00'),
(852, 16, 27, '', '0000-00-00 00:00:00'),
(853, 16, 28, '', '0000-00-00 00:00:00'),
(854, 16, 29, '', '0000-00-00 00:00:00'),
(855, 16, 30, '', '0000-00-00 00:00:00'),
(856, 16, 31, '', '0000-00-00 00:00:00'),
(857, 16, 32, '', '0000-00-00 00:00:00'),
(858, 16, 33, '', '0000-00-00 00:00:00'),
(859, 16, 34, '', '0000-00-00 00:00:00'),
(860, 16, 35, '', '0000-00-00 00:00:00'),
(861, 16, 36, '', '0000-00-00 00:00:00'),
(862, 16, 37, '', '0000-00-00 00:00:00'),
(863, 16, 38, '', '0000-00-00 00:00:00'),
(864, 16, 39, '', '0000-00-00 00:00:00'),
(865, 16, 40, '', '0000-00-00 00:00:00'),
(866, 16, 41, '', '0000-00-00 00:00:00'),
(867, 16, 42, '', '0000-00-00 00:00:00'),
(868, 16, 43, '', '0000-00-00 00:00:00'),
(869, 16, 44, '', '0000-00-00 00:00:00'),
(870, 16, 45, '', '0000-00-00 00:00:00'),
(871, 16, 46, '', '0000-00-00 00:00:00'),
(872, 16, 47, '', '0000-00-00 00:00:00'),
(873, 16, 48, '', '0000-00-00 00:00:00'),
(874, 16, 49, '', '0000-00-00 00:00:00'),
(875, 16, 50, '', '0000-00-00 00:00:00'),
(876, 16, 51, '', '0000-00-00 00:00:00'),
(877, 16, 52, '', '0000-00-00 00:00:00'),
(878, 16, 53, '', '0000-00-00 00:00:00'),
(879, 16, 55, '', '0000-00-00 00:00:00'),
(880, 16, 62, '', '0000-00-00 00:00:00'),
(881, 17, 1, '', '0000-00-00 00:00:00'),
(882, 17, 2, '', '0000-00-00 00:00:00'),
(883, 17, 3, '', '0000-00-00 00:00:00'),
(884, 17, 4, '', '0000-00-00 00:00:00'),
(885, 17, 5, '', '0000-00-00 00:00:00'),
(886, 17, 6, '', '0000-00-00 00:00:00'),
(887, 17, 7, '', '0000-00-00 00:00:00'),
(888, 17, 8, '', '0000-00-00 00:00:00'),
(889, 17, 9, '', '0000-00-00 00:00:00'),
(890, 17, 10, '', '0000-00-00 00:00:00'),
(891, 17, 11, '', '0000-00-00 00:00:00'),
(892, 17, 12, '', '0000-00-00 00:00:00'),
(893, 17, 13, '', '0000-00-00 00:00:00'),
(894, 17, 14, '', '0000-00-00 00:00:00'),
(895, 17, 15, '', '0000-00-00 00:00:00'),
(896, 17, 16, '', '0000-00-00 00:00:00'),
(897, 17, 17, '', '0000-00-00 00:00:00'),
(898, 17, 18, '', '0000-00-00 00:00:00'),
(899, 17, 19, '', '0000-00-00 00:00:00'),
(900, 17, 20, '', '0000-00-00 00:00:00'),
(901, 17, 21, '', '0000-00-00 00:00:00'),
(902, 17, 22, '', '0000-00-00 00:00:00'),
(903, 17, 23, '', '0000-00-00 00:00:00'),
(904, 17, 24, '', '0000-00-00 00:00:00'),
(905, 17, 25, '', '0000-00-00 00:00:00'),
(906, 17, 26, '', '0000-00-00 00:00:00'),
(907, 17, 27, '', '0000-00-00 00:00:00'),
(908, 17, 28, '', '0000-00-00 00:00:00'),
(909, 17, 29, '', '0000-00-00 00:00:00'),
(910, 17, 30, '', '0000-00-00 00:00:00'),
(911, 17, 31, '', '0000-00-00 00:00:00'),
(912, 17, 32, '', '0000-00-00 00:00:00'),
(913, 17, 33, '', '0000-00-00 00:00:00'),
(914, 17, 34, '', '0000-00-00 00:00:00'),
(915, 17, 35, '', '0000-00-00 00:00:00'),
(916, 17, 36, '', '0000-00-00 00:00:00'),
(917, 17, 37, '', '0000-00-00 00:00:00'),
(918, 17, 38, '', '0000-00-00 00:00:00'),
(919, 17, 39, '', '0000-00-00 00:00:00'),
(920, 17, 40, '', '0000-00-00 00:00:00'),
(921, 17, 41, '', '0000-00-00 00:00:00'),
(922, 17, 42, '', '0000-00-00 00:00:00'),
(923, 17, 43, '', '0000-00-00 00:00:00'),
(924, 17, 44, '', '0000-00-00 00:00:00'),
(925, 17, 45, '', '0000-00-00 00:00:00'),
(926, 17, 46, '', '0000-00-00 00:00:00'),
(927, 17, 47, '', '0000-00-00 00:00:00'),
(928, 17, 48, '', '0000-00-00 00:00:00'),
(929, 17, 49, '', '0000-00-00 00:00:00'),
(930, 17, 50, '', '0000-00-00 00:00:00'),
(931, 17, 51, '', '0000-00-00 00:00:00'),
(932, 17, 52, '', '0000-00-00 00:00:00'),
(933, 17, 53, '', '0000-00-00 00:00:00'),
(934, 17, 55, '', '0000-00-00 00:00:00'),
(935, 17, 62, '', '0000-00-00 00:00:00'),
(936, 18, 1, '', '0000-00-00 00:00:00'),
(937, 18, 2, '', '0000-00-00 00:00:00'),
(938, 18, 3, '', '0000-00-00 00:00:00'),
(939, 18, 4, '', '0000-00-00 00:00:00'),
(940, 18, 5, '', '0000-00-00 00:00:00'),
(941, 18, 6, '', '0000-00-00 00:00:00'),
(942, 18, 7, '', '0000-00-00 00:00:00'),
(943, 18, 8, '', '0000-00-00 00:00:00'),
(944, 18, 9, '', '0000-00-00 00:00:00'),
(945, 18, 10, '', '0000-00-00 00:00:00'),
(946, 18, 11, '', '0000-00-00 00:00:00'),
(947, 18, 12, '', '0000-00-00 00:00:00'),
(948, 18, 13, '', '0000-00-00 00:00:00'),
(949, 18, 14, '', '0000-00-00 00:00:00'),
(950, 18, 15, '', '0000-00-00 00:00:00'),
(951, 18, 16, '', '0000-00-00 00:00:00'),
(952, 18, 17, '', '0000-00-00 00:00:00'),
(953, 18, 18, '', '0000-00-00 00:00:00'),
(954, 18, 19, '', '0000-00-00 00:00:00'),
(955, 18, 20, '', '0000-00-00 00:00:00'),
(956, 18, 21, '', '0000-00-00 00:00:00'),
(957, 18, 22, '', '0000-00-00 00:00:00'),
(958, 18, 23, '', '0000-00-00 00:00:00'),
(959, 18, 24, '', '0000-00-00 00:00:00'),
(960, 18, 25, '', '0000-00-00 00:00:00'),
(961, 18, 26, '', '0000-00-00 00:00:00'),
(962, 18, 27, '', '0000-00-00 00:00:00'),
(963, 18, 28, '', '0000-00-00 00:00:00'),
(964, 18, 29, '', '0000-00-00 00:00:00'),
(965, 18, 30, '', '0000-00-00 00:00:00'),
(966, 18, 31, '', '0000-00-00 00:00:00'),
(967, 18, 32, '', '0000-00-00 00:00:00'),
(968, 18, 33, '', '0000-00-00 00:00:00'),
(969, 18, 34, '', '0000-00-00 00:00:00'),
(970, 18, 35, '', '0000-00-00 00:00:00'),
(971, 18, 36, '', '0000-00-00 00:00:00'),
(972, 18, 37, '', '0000-00-00 00:00:00'),
(973, 18, 38, '', '0000-00-00 00:00:00'),
(974, 18, 39, '', '0000-00-00 00:00:00'),
(975, 18, 40, '', '0000-00-00 00:00:00'),
(976, 18, 41, '', '0000-00-00 00:00:00'),
(977, 18, 42, '', '0000-00-00 00:00:00'),
(978, 18, 43, '', '0000-00-00 00:00:00'),
(979, 18, 44, '', '0000-00-00 00:00:00'),
(980, 18, 45, '', '0000-00-00 00:00:00'),
(981, 18, 46, '', '0000-00-00 00:00:00'),
(982, 18, 47, '', '0000-00-00 00:00:00'),
(983, 18, 48, '', '0000-00-00 00:00:00'),
(984, 18, 49, '', '0000-00-00 00:00:00'),
(985, 18, 50, '', '0000-00-00 00:00:00'),
(986, 18, 51, '', '0000-00-00 00:00:00'),
(987, 18, 52, '', '0000-00-00 00:00:00'),
(988, 18, 53, '', '0000-00-00 00:00:00'),
(989, 18, 55, '', '0000-00-00 00:00:00'),
(990, 18, 62, '', '0000-00-00 00:00:00'),
(991, 19, 1, '', '0000-00-00 00:00:00'),
(992, 19, 2, '', '0000-00-00 00:00:00'),
(993, 19, 3, '', '0000-00-00 00:00:00'),
(994, 19, 4, '', '0000-00-00 00:00:00'),
(995, 19, 5, '', '0000-00-00 00:00:00'),
(996, 19, 6, '', '0000-00-00 00:00:00'),
(997, 19, 7, '', '0000-00-00 00:00:00'),
(998, 19, 8, '', '0000-00-00 00:00:00'),
(999, 19, 9, '', '0000-00-00 00:00:00'),
(1000, 19, 10, '', '0000-00-00 00:00:00'),
(1001, 19, 11, '', '0000-00-00 00:00:00'),
(1002, 19, 12, '', '0000-00-00 00:00:00'),
(1003, 19, 13, '', '0000-00-00 00:00:00'),
(1004, 19, 14, '', '0000-00-00 00:00:00'),
(1005, 19, 15, '', '0000-00-00 00:00:00'),
(1006, 19, 16, '', '0000-00-00 00:00:00'),
(1007, 19, 17, '', '0000-00-00 00:00:00'),
(1008, 19, 18, '', '0000-00-00 00:00:00'),
(1009, 19, 19, '', '0000-00-00 00:00:00'),
(1010, 19, 20, '', '0000-00-00 00:00:00'),
(1011, 19, 21, '', '0000-00-00 00:00:00'),
(1012, 19, 22, '', '0000-00-00 00:00:00'),
(1013, 19, 23, '', '0000-00-00 00:00:00'),
(1014, 19, 24, '', '0000-00-00 00:00:00'),
(1015, 19, 25, '', '0000-00-00 00:00:00'),
(1016, 19, 26, '', '0000-00-00 00:00:00'),
(1017, 19, 27, '', '0000-00-00 00:00:00'),
(1018, 19, 28, '', '0000-00-00 00:00:00'),
(1019, 19, 29, '', '0000-00-00 00:00:00'),
(1020, 19, 30, '', '0000-00-00 00:00:00'),
(1021, 19, 31, '', '0000-00-00 00:00:00'),
(1022, 19, 32, '', '0000-00-00 00:00:00'),
(1023, 19, 33, '', '0000-00-00 00:00:00'),
(1024, 19, 34, '', '0000-00-00 00:00:00'),
(1025, 19, 35, '', '0000-00-00 00:00:00'),
(1026, 19, 36, '', '0000-00-00 00:00:00'),
(1027, 19, 37, '', '0000-00-00 00:00:00'),
(1028, 19, 38, '', '0000-00-00 00:00:00'),
(1029, 19, 39, '', '0000-00-00 00:00:00'),
(1030, 19, 40, '', '0000-00-00 00:00:00'),
(1031, 19, 41, '', '0000-00-00 00:00:00'),
(1032, 19, 42, '', '0000-00-00 00:00:00'),
(1033, 19, 43, '', '0000-00-00 00:00:00'),
(1034, 19, 44, '', '0000-00-00 00:00:00'),
(1035, 19, 45, '', '0000-00-00 00:00:00'),
(1036, 19, 46, '', '0000-00-00 00:00:00'),
(1037, 19, 47, '', '0000-00-00 00:00:00'),
(1038, 19, 48, '', '0000-00-00 00:00:00'),
(1039, 19, 49, '', '0000-00-00 00:00:00'),
(1040, 19, 50, '', '0000-00-00 00:00:00'),
(1041, 19, 51, '', '0000-00-00 00:00:00'),
(1042, 19, 52, '', '0000-00-00 00:00:00'),
(1043, 19, 53, '', '0000-00-00 00:00:00'),
(1044, 19, 55, '', '0000-00-00 00:00:00'),
(1045, 19, 62, '', '0000-00-00 00:00:00'),
(1046, 20, 1, '', '0000-00-00 00:00:00'),
(1047, 20, 2, '', '0000-00-00 00:00:00'),
(1048, 20, 3, '', '0000-00-00 00:00:00'),
(1049, 20, 4, '', '0000-00-00 00:00:00'),
(1050, 20, 5, '', '0000-00-00 00:00:00'),
(1051, 20, 6, '', '0000-00-00 00:00:00'),
(1052, 20, 7, '', '0000-00-00 00:00:00'),
(1053, 20, 8, '', '0000-00-00 00:00:00'),
(1054, 20, 9, '', '0000-00-00 00:00:00'),
(1055, 20, 10, '', '0000-00-00 00:00:00'),
(1056, 20, 11, '', '0000-00-00 00:00:00'),
(1057, 20, 12, '', '0000-00-00 00:00:00'),
(1058, 20, 13, '', '0000-00-00 00:00:00'),
(1059, 20, 14, '', '0000-00-00 00:00:00'),
(1060, 20, 15, '', '0000-00-00 00:00:00'),
(1061, 20, 16, '', '0000-00-00 00:00:00'),
(1062, 20, 17, '', '0000-00-00 00:00:00'),
(1063, 20, 18, '', '0000-00-00 00:00:00'),
(1064, 20, 19, '', '0000-00-00 00:00:00'),
(1065, 20, 20, '', '0000-00-00 00:00:00'),
(1066, 20, 21, '', '0000-00-00 00:00:00'),
(1067, 20, 22, '', '0000-00-00 00:00:00'),
(1068, 20, 23, '', '0000-00-00 00:00:00'),
(1069, 20, 24, '', '0000-00-00 00:00:00'),
(1070, 20, 25, '', '0000-00-00 00:00:00'),
(1071, 20, 26, '', '0000-00-00 00:00:00'),
(1072, 20, 27, '', '0000-00-00 00:00:00'),
(1073, 20, 28, '', '0000-00-00 00:00:00'),
(1074, 20, 29, '', '0000-00-00 00:00:00'),
(1075, 20, 30, '', '0000-00-00 00:00:00'),
(1076, 20, 31, '', '0000-00-00 00:00:00'),
(1077, 20, 32, '', '0000-00-00 00:00:00'),
(1078, 20, 33, '', '0000-00-00 00:00:00'),
(1079, 20, 34, '', '0000-00-00 00:00:00'),
(1080, 20, 35, '', '0000-00-00 00:00:00'),
(1081, 20, 36, '', '0000-00-00 00:00:00'),
(1082, 20, 37, '', '0000-00-00 00:00:00'),
(1083, 20, 38, '', '0000-00-00 00:00:00'),
(1084, 20, 39, '', '0000-00-00 00:00:00'),
(1085, 20, 40, '', '0000-00-00 00:00:00'),
(1086, 20, 41, '', '0000-00-00 00:00:00'),
(1087, 20, 42, '', '0000-00-00 00:00:00'),
(1088, 20, 43, '', '0000-00-00 00:00:00'),
(1089, 20, 44, '', '0000-00-00 00:00:00'),
(1090, 20, 45, '', '0000-00-00 00:00:00'),
(1091, 20, 46, '', '0000-00-00 00:00:00'),
(1092, 20, 47, '', '0000-00-00 00:00:00'),
(1093, 20, 48, '', '0000-00-00 00:00:00'),
(1094, 20, 49, '', '0000-00-00 00:00:00'),
(1095, 20, 50, '', '0000-00-00 00:00:00'),
(1096, 20, 51, '', '0000-00-00 00:00:00'),
(1097, 20, 52, '', '0000-00-00 00:00:00'),
(1098, 20, 53, '', '0000-00-00 00:00:00'),
(1099, 20, 55, '', '0000-00-00 00:00:00'),
(1100, 20, 62, '', '0000-00-00 00:00:00'),
(1101, 21, 1, '', '0000-00-00 00:00:00'),
(1102, 21, 2, '', '0000-00-00 00:00:00'),
(1103, 21, 3, '', '0000-00-00 00:00:00'),
(1104, 21, 4, '', '0000-00-00 00:00:00'),
(1105, 21, 5, '', '0000-00-00 00:00:00'),
(1106, 21, 6, '', '0000-00-00 00:00:00'),
(1107, 21, 7, '', '0000-00-00 00:00:00'),
(1108, 21, 8, '', '0000-00-00 00:00:00'),
(1109, 21, 9, '', '0000-00-00 00:00:00'),
(1110, 21, 10, '', '0000-00-00 00:00:00'),
(1111, 21, 11, '', '0000-00-00 00:00:00'),
(1112, 21, 12, '', '0000-00-00 00:00:00'),
(1113, 21, 13, '', '0000-00-00 00:00:00'),
(1114, 21, 14, '', '0000-00-00 00:00:00'),
(1115, 21, 15, '', '0000-00-00 00:00:00'),
(1116, 21, 16, '', '0000-00-00 00:00:00'),
(1117, 21, 17, '', '0000-00-00 00:00:00'),
(1118, 21, 18, '', '0000-00-00 00:00:00'),
(1119, 21, 19, '', '0000-00-00 00:00:00'),
(1120, 21, 20, '', '0000-00-00 00:00:00'),
(1121, 21, 21, '', '0000-00-00 00:00:00'),
(1122, 21, 22, '', '0000-00-00 00:00:00'),
(1123, 21, 23, '', '0000-00-00 00:00:00'),
(1124, 21, 24, '', '0000-00-00 00:00:00'),
(1125, 21, 25, '', '0000-00-00 00:00:00'),
(1126, 21, 26, '', '0000-00-00 00:00:00'),
(1127, 21, 27, '', '0000-00-00 00:00:00'),
(1128, 21, 28, '', '0000-00-00 00:00:00'),
(1129, 21, 29, '', '0000-00-00 00:00:00'),
(1130, 21, 30, '', '0000-00-00 00:00:00'),
(1131, 21, 31, '', '0000-00-00 00:00:00'),
(1132, 21, 32, '', '0000-00-00 00:00:00'),
(1133, 21, 33, '', '0000-00-00 00:00:00'),
(1134, 21, 34, '', '0000-00-00 00:00:00'),
(1135, 21, 35, '', '0000-00-00 00:00:00'),
(1136, 21, 36, '', '0000-00-00 00:00:00'),
(1137, 21, 37, '', '0000-00-00 00:00:00'),
(1138, 21, 38, '', '0000-00-00 00:00:00'),
(1139, 21, 39, '', '0000-00-00 00:00:00'),
(1140, 21, 40, '', '0000-00-00 00:00:00'),
(1141, 21, 41, '', '0000-00-00 00:00:00'),
(1142, 21, 42, '', '0000-00-00 00:00:00'),
(1143, 21, 43, '', '0000-00-00 00:00:00'),
(1144, 21, 44, '', '0000-00-00 00:00:00'),
(1145, 21, 45, '', '0000-00-00 00:00:00'),
(1146, 21, 46, '', '0000-00-00 00:00:00'),
(1147, 21, 47, '', '0000-00-00 00:00:00'),
(1148, 21, 48, '', '0000-00-00 00:00:00'),
(1149, 21, 49, '', '0000-00-00 00:00:00'),
(1150, 21, 50, '', '0000-00-00 00:00:00'),
(1151, 21, 51, '', '0000-00-00 00:00:00'),
(1152, 21, 52, '', '0000-00-00 00:00:00'),
(1153, 21, 53, '', '0000-00-00 00:00:00'),
(1154, 21, 55, '', '0000-00-00 00:00:00'),
(1155, 21, 62, '', '0000-00-00 00:00:00'),
(1156, 22, 1, '', '0000-00-00 00:00:00'),
(1157, 22, 2, '', '0000-00-00 00:00:00'),
(1158, 22, 3, '', '0000-00-00 00:00:00'),
(1159, 22, 4, '', '0000-00-00 00:00:00'),
(1160, 22, 5, '', '0000-00-00 00:00:00'),
(1161, 22, 6, '', '0000-00-00 00:00:00'),
(1162, 22, 7, '', '0000-00-00 00:00:00'),
(1163, 22, 8, '', '0000-00-00 00:00:00'),
(1164, 22, 9, '', '0000-00-00 00:00:00'),
(1165, 22, 10, '', '0000-00-00 00:00:00'),
(1166, 22, 11, '', '0000-00-00 00:00:00'),
(1167, 22, 12, '', '0000-00-00 00:00:00'),
(1168, 22, 13, '', '0000-00-00 00:00:00'),
(1169, 22, 14, '', '0000-00-00 00:00:00'),
(1170, 22, 15, '', '0000-00-00 00:00:00'),
(1171, 22, 16, '', '0000-00-00 00:00:00'),
(1172, 22, 17, '', '0000-00-00 00:00:00'),
(1173, 22, 18, '', '0000-00-00 00:00:00'),
(1174, 22, 19, '', '0000-00-00 00:00:00'),
(1175, 22, 20, '', '0000-00-00 00:00:00'),
(1176, 22, 21, '', '0000-00-00 00:00:00'),
(1177, 22, 22, '', '0000-00-00 00:00:00'),
(1178, 22, 23, '', '0000-00-00 00:00:00'),
(1179, 22, 24, '', '0000-00-00 00:00:00'),
(1180, 22, 25, '', '0000-00-00 00:00:00'),
(1181, 22, 26, '', '0000-00-00 00:00:00'),
(1182, 22, 27, '', '0000-00-00 00:00:00'),
(1183, 22, 28, '', '0000-00-00 00:00:00'),
(1184, 22, 29, '', '0000-00-00 00:00:00'),
(1185, 22, 30, '', '0000-00-00 00:00:00'),
(1186, 22, 31, '', '0000-00-00 00:00:00'),
(1187, 22, 32, '', '0000-00-00 00:00:00'),
(1188, 22, 33, '', '0000-00-00 00:00:00'),
(1189, 22, 34, '', '0000-00-00 00:00:00'),
(1190, 22, 35, '', '0000-00-00 00:00:00'),
(1191, 22, 36, '', '0000-00-00 00:00:00'),
(1192, 22, 37, '', '0000-00-00 00:00:00'),
(1193, 22, 38, '', '0000-00-00 00:00:00'),
(1194, 22, 39, '', '0000-00-00 00:00:00'),
(1195, 22, 40, '', '0000-00-00 00:00:00'),
(1196, 22, 41, '', '0000-00-00 00:00:00'),
(1197, 22, 42, '', '0000-00-00 00:00:00'),
(1198, 22, 43, '', '0000-00-00 00:00:00'),
(1199, 22, 44, '', '0000-00-00 00:00:00'),
(1200, 22, 45, '', '0000-00-00 00:00:00'),
(1201, 22, 46, '', '0000-00-00 00:00:00'),
(1202, 22, 47, '', '0000-00-00 00:00:00'),
(1203, 22, 48, '', '0000-00-00 00:00:00'),
(1204, 22, 49, '', '0000-00-00 00:00:00'),
(1205, 22, 50, '', '0000-00-00 00:00:00'),
(1206, 22, 51, '', '0000-00-00 00:00:00'),
(1207, 22, 52, '', '0000-00-00 00:00:00'),
(1208, 22, 53, '', '0000-00-00 00:00:00'),
(1209, 22, 55, '', '0000-00-00 00:00:00'),
(1210, 22, 62, '', '0000-00-00 00:00:00'),
(1211, 23, 1, '', '0000-00-00 00:00:00'),
(1212, 23, 2, '', '0000-00-00 00:00:00'),
(1213, 23, 3, '', '0000-00-00 00:00:00'),
(1214, 23, 4, '', '0000-00-00 00:00:00'),
(1215, 23, 5, '', '0000-00-00 00:00:00'),
(1216, 23, 6, '', '0000-00-00 00:00:00'),
(1217, 23, 7, '', '0000-00-00 00:00:00'),
(1218, 23, 8, '', '0000-00-00 00:00:00'),
(1219, 23, 9, '', '0000-00-00 00:00:00'),
(1220, 23, 10, '', '0000-00-00 00:00:00'),
(1221, 23, 11, '', '0000-00-00 00:00:00'),
(1222, 23, 12, '', '0000-00-00 00:00:00'),
(1223, 23, 13, '', '0000-00-00 00:00:00'),
(1224, 23, 14, '', '0000-00-00 00:00:00'),
(1225, 23, 15, '', '0000-00-00 00:00:00'),
(1226, 23, 16, '', '0000-00-00 00:00:00'),
(1227, 23, 17, '', '0000-00-00 00:00:00'),
(1228, 23, 18, '', '0000-00-00 00:00:00'),
(1229, 23, 19, '', '0000-00-00 00:00:00'),
(1230, 23, 20, '', '0000-00-00 00:00:00'),
(1231, 23, 21, '', '0000-00-00 00:00:00'),
(1232, 23, 22, '', '0000-00-00 00:00:00'),
(1233, 23, 23, '', '0000-00-00 00:00:00'),
(1234, 23, 24, '', '0000-00-00 00:00:00'),
(1235, 23, 25, '', '0000-00-00 00:00:00'),
(1236, 23, 26, '', '0000-00-00 00:00:00'),
(1237, 23, 27, '', '0000-00-00 00:00:00'),
(1238, 23, 28, '', '0000-00-00 00:00:00'),
(1239, 23, 29, '', '0000-00-00 00:00:00'),
(1240, 23, 30, '', '0000-00-00 00:00:00'),
(1241, 23, 31, '', '0000-00-00 00:00:00'),
(1242, 23, 32, '', '0000-00-00 00:00:00'),
(1243, 23, 33, '', '0000-00-00 00:00:00'),
(1244, 23, 34, '', '0000-00-00 00:00:00'),
(1245, 23, 35, '', '0000-00-00 00:00:00'),
(1246, 23, 36, '', '0000-00-00 00:00:00'),
(1247, 23, 37, '', '0000-00-00 00:00:00'),
(1248, 23, 38, '', '0000-00-00 00:00:00'),
(1249, 23, 39, '', '0000-00-00 00:00:00'),
(1250, 23, 40, '', '0000-00-00 00:00:00'),
(1251, 23, 41, '', '0000-00-00 00:00:00'),
(1252, 23, 42, '', '0000-00-00 00:00:00'),
(1253, 23, 43, '', '0000-00-00 00:00:00'),
(1254, 23, 44, '', '0000-00-00 00:00:00'),
(1255, 23, 45, '', '0000-00-00 00:00:00'),
(1256, 23, 46, '', '0000-00-00 00:00:00'),
(1257, 23, 47, '', '0000-00-00 00:00:00'),
(1258, 23, 48, '', '0000-00-00 00:00:00'),
(1259, 23, 49, '', '0000-00-00 00:00:00'),
(1260, 23, 50, '', '0000-00-00 00:00:00'),
(1261, 23, 51, '', '0000-00-00 00:00:00');
INSERT INTO `menunote` (`MenuNoteID`, `MenuID`, `NoteID`, `ModifiedUser`, `ModifiedDate`) VALUES
(1262, 23, 52, '', '0000-00-00 00:00:00'),
(1263, 23, 53, '', '0000-00-00 00:00:00'),
(1264, 23, 55, '', '0000-00-00 00:00:00'),
(1265, 23, 62, '', '0000-00-00 00:00:00'),
(1266, 24, 1, '', '0000-00-00 00:00:00'),
(1267, 24, 2, '', '0000-00-00 00:00:00'),
(1268, 24, 3, '', '0000-00-00 00:00:00'),
(1269, 24, 4, '', '0000-00-00 00:00:00'),
(1270, 24, 5, '', '0000-00-00 00:00:00'),
(1271, 24, 6, '', '0000-00-00 00:00:00'),
(1272, 24, 7, '', '0000-00-00 00:00:00'),
(1273, 24, 8, '', '0000-00-00 00:00:00'),
(1274, 24, 9, '', '0000-00-00 00:00:00'),
(1275, 24, 10, '', '0000-00-00 00:00:00'),
(1276, 24, 11, '', '0000-00-00 00:00:00'),
(1277, 24, 12, '', '0000-00-00 00:00:00'),
(1278, 24, 13, '', '0000-00-00 00:00:00'),
(1279, 24, 14, '', '0000-00-00 00:00:00'),
(1280, 24, 15, '', '0000-00-00 00:00:00'),
(1281, 24, 16, '', '0000-00-00 00:00:00'),
(1282, 24, 17, '', '0000-00-00 00:00:00'),
(1283, 24, 18, '', '0000-00-00 00:00:00'),
(1284, 24, 19, '', '0000-00-00 00:00:00'),
(1285, 24, 20, '', '0000-00-00 00:00:00'),
(1286, 24, 21, '', '0000-00-00 00:00:00'),
(1287, 24, 22, '', '0000-00-00 00:00:00'),
(1288, 24, 23, '', '0000-00-00 00:00:00'),
(1289, 24, 24, '', '0000-00-00 00:00:00'),
(1290, 24, 25, '', '0000-00-00 00:00:00'),
(1291, 24, 26, '', '0000-00-00 00:00:00'),
(1292, 24, 27, '', '0000-00-00 00:00:00'),
(1293, 24, 28, '', '0000-00-00 00:00:00'),
(1294, 24, 29, '', '0000-00-00 00:00:00'),
(1295, 24, 30, '', '0000-00-00 00:00:00'),
(1296, 24, 31, '', '0000-00-00 00:00:00'),
(1297, 24, 32, '', '0000-00-00 00:00:00'),
(1298, 24, 33, '', '0000-00-00 00:00:00'),
(1299, 24, 34, '', '0000-00-00 00:00:00'),
(1300, 24, 35, '', '0000-00-00 00:00:00'),
(1301, 24, 36, '', '0000-00-00 00:00:00'),
(1302, 24, 37, '', '0000-00-00 00:00:00'),
(1303, 24, 38, '', '0000-00-00 00:00:00'),
(1304, 24, 39, '', '0000-00-00 00:00:00'),
(1305, 24, 40, '', '0000-00-00 00:00:00'),
(1306, 24, 41, '', '0000-00-00 00:00:00'),
(1307, 24, 42, '', '0000-00-00 00:00:00'),
(1308, 24, 43, '', '0000-00-00 00:00:00'),
(1309, 24, 44, '', '0000-00-00 00:00:00'),
(1310, 24, 45, '', '0000-00-00 00:00:00'),
(1311, 24, 46, '', '0000-00-00 00:00:00'),
(1312, 24, 47, '', '0000-00-00 00:00:00'),
(1313, 24, 48, '', '0000-00-00 00:00:00'),
(1314, 24, 49, '', '0000-00-00 00:00:00'),
(1315, 24, 50, '', '0000-00-00 00:00:00'),
(1316, 24, 51, '', '0000-00-00 00:00:00'),
(1317, 24, 52, '', '0000-00-00 00:00:00'),
(1318, 24, 53, '', '0000-00-00 00:00:00'),
(1319, 24, 55, '', '0000-00-00 00:00:00'),
(1320, 24, 62, '', '0000-00-00 00:00:00'),
(1321, 25, 1, '', '0000-00-00 00:00:00'),
(1322, 25, 2, '', '0000-00-00 00:00:00'),
(1323, 25, 3, '', '0000-00-00 00:00:00'),
(1324, 25, 4, '', '0000-00-00 00:00:00'),
(1325, 25, 5, '', '0000-00-00 00:00:00'),
(1326, 25, 6, '', '0000-00-00 00:00:00'),
(1327, 25, 7, '', '0000-00-00 00:00:00'),
(1328, 25, 8, '', '0000-00-00 00:00:00'),
(1329, 25, 9, '', '0000-00-00 00:00:00'),
(1330, 25, 10, '', '0000-00-00 00:00:00'),
(1331, 25, 11, '', '0000-00-00 00:00:00'),
(1332, 25, 12, '', '0000-00-00 00:00:00'),
(1333, 25, 13, '', '0000-00-00 00:00:00'),
(1334, 25, 14, '', '0000-00-00 00:00:00'),
(1335, 25, 15, '', '0000-00-00 00:00:00'),
(1336, 25, 16, '', '0000-00-00 00:00:00'),
(1337, 25, 17, '', '0000-00-00 00:00:00'),
(1338, 25, 18, '', '0000-00-00 00:00:00'),
(1339, 25, 19, '', '0000-00-00 00:00:00'),
(1340, 25, 20, '', '0000-00-00 00:00:00'),
(1341, 25, 21, '', '0000-00-00 00:00:00'),
(1342, 25, 22, '', '0000-00-00 00:00:00'),
(1343, 25, 23, '', '0000-00-00 00:00:00'),
(1344, 25, 24, '', '0000-00-00 00:00:00'),
(1345, 25, 25, '', '0000-00-00 00:00:00'),
(1346, 25, 26, '', '0000-00-00 00:00:00'),
(1347, 25, 27, '', '0000-00-00 00:00:00'),
(1348, 25, 28, '', '0000-00-00 00:00:00'),
(1349, 25, 29, '', '0000-00-00 00:00:00'),
(1350, 25, 30, '', '0000-00-00 00:00:00'),
(1351, 25, 31, '', '0000-00-00 00:00:00'),
(1352, 25, 32, '', '0000-00-00 00:00:00'),
(1353, 25, 33, '', '0000-00-00 00:00:00'),
(1354, 25, 34, '', '0000-00-00 00:00:00'),
(1355, 25, 35, '', '0000-00-00 00:00:00'),
(1356, 25, 36, '', '0000-00-00 00:00:00'),
(1357, 25, 37, '', '0000-00-00 00:00:00'),
(1358, 25, 38, '', '0000-00-00 00:00:00'),
(1359, 25, 39, '', '0000-00-00 00:00:00'),
(1360, 25, 40, '', '0000-00-00 00:00:00'),
(1361, 25, 41, '', '0000-00-00 00:00:00'),
(1362, 25, 42, '', '0000-00-00 00:00:00'),
(1363, 25, 43, '', '0000-00-00 00:00:00'),
(1364, 25, 44, '', '0000-00-00 00:00:00'),
(1365, 25, 45, '', '0000-00-00 00:00:00'),
(1366, 25, 46, '', '0000-00-00 00:00:00'),
(1367, 25, 47, '', '0000-00-00 00:00:00'),
(1368, 25, 48, '', '0000-00-00 00:00:00'),
(1369, 25, 49, '', '0000-00-00 00:00:00'),
(1370, 25, 50, '', '0000-00-00 00:00:00'),
(1371, 25, 51, '', '0000-00-00 00:00:00'),
(1372, 25, 52, '', '0000-00-00 00:00:00'),
(1373, 25, 53, '', '0000-00-00 00:00:00'),
(1374, 25, 55, '', '0000-00-00 00:00:00'),
(1375, 25, 62, '', '0000-00-00 00:00:00'),
(1376, 26, 1, '', '0000-00-00 00:00:00'),
(1377, 26, 2, '', '0000-00-00 00:00:00'),
(1378, 26, 3, '', '0000-00-00 00:00:00'),
(1379, 26, 4, '', '0000-00-00 00:00:00'),
(1380, 26, 5, '', '0000-00-00 00:00:00'),
(1381, 26, 6, '', '0000-00-00 00:00:00'),
(1382, 26, 7, '', '0000-00-00 00:00:00'),
(1383, 26, 8, '', '0000-00-00 00:00:00'),
(1384, 26, 9, '', '0000-00-00 00:00:00'),
(1385, 26, 10, '', '0000-00-00 00:00:00'),
(1386, 26, 11, '', '0000-00-00 00:00:00'),
(1387, 26, 12, '', '0000-00-00 00:00:00'),
(1388, 26, 13, '', '0000-00-00 00:00:00'),
(1389, 26, 14, '', '0000-00-00 00:00:00'),
(1390, 26, 15, '', '0000-00-00 00:00:00'),
(1391, 26, 16, '', '0000-00-00 00:00:00'),
(1392, 26, 17, '', '0000-00-00 00:00:00'),
(1393, 26, 18, '', '0000-00-00 00:00:00'),
(1394, 26, 19, '', '0000-00-00 00:00:00'),
(1395, 26, 20, '', '0000-00-00 00:00:00'),
(1396, 26, 21, '', '0000-00-00 00:00:00'),
(1397, 26, 22, '', '0000-00-00 00:00:00'),
(1398, 26, 23, '', '0000-00-00 00:00:00'),
(1399, 26, 24, '', '0000-00-00 00:00:00'),
(1400, 26, 25, '', '0000-00-00 00:00:00'),
(1401, 26, 26, '', '0000-00-00 00:00:00'),
(1402, 26, 27, '', '0000-00-00 00:00:00'),
(1403, 26, 28, '', '0000-00-00 00:00:00'),
(1404, 26, 29, '', '0000-00-00 00:00:00'),
(1405, 26, 30, '', '0000-00-00 00:00:00'),
(1406, 26, 31, '', '0000-00-00 00:00:00'),
(1407, 26, 32, '', '0000-00-00 00:00:00'),
(1408, 26, 33, '', '0000-00-00 00:00:00'),
(1409, 26, 34, '', '0000-00-00 00:00:00'),
(1410, 26, 35, '', '0000-00-00 00:00:00'),
(1411, 26, 36, '', '0000-00-00 00:00:00'),
(1412, 26, 37, '', '0000-00-00 00:00:00'),
(1413, 26, 38, '', '0000-00-00 00:00:00'),
(1414, 26, 39, '', '0000-00-00 00:00:00'),
(1415, 26, 40, '', '0000-00-00 00:00:00'),
(1416, 26, 41, '', '0000-00-00 00:00:00'),
(1417, 26, 42, '', '0000-00-00 00:00:00'),
(1418, 26, 43, '', '0000-00-00 00:00:00'),
(1419, 26, 44, '', '0000-00-00 00:00:00'),
(1420, 26, 45, '', '0000-00-00 00:00:00'),
(1421, 26, 46, '', '0000-00-00 00:00:00'),
(1422, 26, 47, '', '0000-00-00 00:00:00'),
(1423, 26, 48, '', '0000-00-00 00:00:00'),
(1424, 26, 49, '', '0000-00-00 00:00:00'),
(1425, 26, 50, '', '0000-00-00 00:00:00'),
(1426, 26, 51, '', '0000-00-00 00:00:00'),
(1427, 26, 52, '', '0000-00-00 00:00:00'),
(1428, 26, 53, '', '0000-00-00 00:00:00'),
(1429, 26, 55, '', '0000-00-00 00:00:00'),
(1430, 26, 62, '', '0000-00-00 00:00:00'),
(1431, 27, 1, '', '0000-00-00 00:00:00'),
(1432, 27, 2, '', '0000-00-00 00:00:00'),
(1433, 27, 3, '', '0000-00-00 00:00:00'),
(1434, 27, 4, '', '0000-00-00 00:00:00'),
(1435, 27, 5, '', '0000-00-00 00:00:00'),
(1436, 27, 6, '', '0000-00-00 00:00:00'),
(1437, 27, 7, '', '0000-00-00 00:00:00'),
(1438, 27, 8, '', '0000-00-00 00:00:00'),
(1439, 27, 9, '', '0000-00-00 00:00:00'),
(1440, 27, 10, '', '0000-00-00 00:00:00'),
(1441, 27, 11, '', '0000-00-00 00:00:00'),
(1442, 27, 12, '', '0000-00-00 00:00:00'),
(1443, 27, 13, '', '0000-00-00 00:00:00'),
(1444, 27, 14, '', '0000-00-00 00:00:00'),
(1445, 27, 15, '', '0000-00-00 00:00:00'),
(1446, 27, 16, '', '0000-00-00 00:00:00'),
(1447, 27, 17, '', '0000-00-00 00:00:00'),
(1448, 27, 18, '', '0000-00-00 00:00:00'),
(1449, 27, 19, '', '0000-00-00 00:00:00'),
(1450, 27, 20, '', '0000-00-00 00:00:00'),
(1451, 27, 21, '', '0000-00-00 00:00:00'),
(1452, 27, 22, '', '0000-00-00 00:00:00'),
(1453, 27, 23, '', '0000-00-00 00:00:00'),
(1454, 27, 24, '', '0000-00-00 00:00:00'),
(1455, 27, 25, '', '0000-00-00 00:00:00'),
(1456, 27, 26, '', '0000-00-00 00:00:00'),
(1457, 27, 27, '', '0000-00-00 00:00:00'),
(1458, 27, 28, '', '0000-00-00 00:00:00'),
(1459, 27, 29, '', '0000-00-00 00:00:00'),
(1460, 27, 30, '', '0000-00-00 00:00:00'),
(1461, 27, 31, '', '0000-00-00 00:00:00'),
(1462, 27, 32, '', '0000-00-00 00:00:00'),
(1463, 27, 33, '', '0000-00-00 00:00:00'),
(1464, 27, 34, '', '0000-00-00 00:00:00'),
(1465, 27, 35, '', '0000-00-00 00:00:00'),
(1466, 27, 36, '', '0000-00-00 00:00:00'),
(1467, 27, 37, '', '0000-00-00 00:00:00'),
(1468, 27, 38, '', '0000-00-00 00:00:00'),
(1469, 27, 39, '', '0000-00-00 00:00:00'),
(1470, 27, 40, '', '0000-00-00 00:00:00'),
(1471, 27, 41, '', '0000-00-00 00:00:00'),
(1472, 27, 42, '', '0000-00-00 00:00:00'),
(1473, 27, 43, '', '0000-00-00 00:00:00'),
(1474, 27, 44, '', '0000-00-00 00:00:00'),
(1475, 27, 45, '', '0000-00-00 00:00:00'),
(1476, 27, 46, '', '0000-00-00 00:00:00'),
(1477, 27, 47, '', '0000-00-00 00:00:00'),
(1478, 27, 48, '', '0000-00-00 00:00:00'),
(1479, 27, 49, '', '0000-00-00 00:00:00'),
(1480, 27, 50, '', '0000-00-00 00:00:00'),
(1481, 27, 51, '', '0000-00-00 00:00:00'),
(1482, 27, 52, '', '0000-00-00 00:00:00'),
(1483, 27, 53, '', '0000-00-00 00:00:00'),
(1484, 27, 55, '', '0000-00-00 00:00:00'),
(1485, 27, 62, '', '0000-00-00 00:00:00'),
(1486, 28, 1, '', '0000-00-00 00:00:00'),
(1487, 28, 2, '', '0000-00-00 00:00:00'),
(1488, 28, 3, '', '0000-00-00 00:00:00'),
(1489, 28, 4, '', '0000-00-00 00:00:00'),
(1490, 28, 5, '', '0000-00-00 00:00:00'),
(1491, 28, 6, '', '0000-00-00 00:00:00'),
(1492, 28, 7, '', '0000-00-00 00:00:00'),
(1493, 28, 8, '', '0000-00-00 00:00:00'),
(1494, 28, 9, '', '0000-00-00 00:00:00'),
(1495, 28, 10, '', '0000-00-00 00:00:00'),
(1496, 28, 11, '', '0000-00-00 00:00:00'),
(1497, 28, 12, '', '0000-00-00 00:00:00'),
(1498, 28, 13, '', '0000-00-00 00:00:00'),
(1499, 28, 14, '', '0000-00-00 00:00:00'),
(1500, 28, 15, '', '0000-00-00 00:00:00'),
(1501, 28, 16, '', '0000-00-00 00:00:00'),
(1502, 28, 17, '', '0000-00-00 00:00:00'),
(1503, 28, 18, '', '0000-00-00 00:00:00'),
(1504, 28, 19, '', '0000-00-00 00:00:00'),
(1505, 28, 20, '', '0000-00-00 00:00:00'),
(1506, 28, 21, '', '0000-00-00 00:00:00'),
(1507, 28, 22, '', '0000-00-00 00:00:00'),
(1508, 28, 23, '', '0000-00-00 00:00:00'),
(1509, 28, 24, '', '0000-00-00 00:00:00'),
(1510, 28, 25, '', '0000-00-00 00:00:00'),
(1511, 28, 26, '', '0000-00-00 00:00:00'),
(1512, 28, 27, '', '0000-00-00 00:00:00'),
(1513, 28, 28, '', '0000-00-00 00:00:00'),
(1514, 28, 29, '', '0000-00-00 00:00:00'),
(1515, 28, 30, '', '0000-00-00 00:00:00'),
(1516, 28, 31, '', '0000-00-00 00:00:00'),
(1517, 28, 32, '', '0000-00-00 00:00:00'),
(1518, 28, 33, '', '0000-00-00 00:00:00'),
(1519, 28, 34, '', '0000-00-00 00:00:00'),
(1520, 28, 35, '', '0000-00-00 00:00:00'),
(1521, 28, 36, '', '0000-00-00 00:00:00'),
(1522, 28, 37, '', '0000-00-00 00:00:00'),
(1523, 28, 38, '', '0000-00-00 00:00:00'),
(1524, 28, 39, '', '0000-00-00 00:00:00'),
(1525, 28, 40, '', '0000-00-00 00:00:00'),
(1526, 28, 41, '', '0000-00-00 00:00:00'),
(1527, 28, 42, '', '0000-00-00 00:00:00'),
(1528, 28, 43, '', '0000-00-00 00:00:00'),
(1529, 28, 44, '', '0000-00-00 00:00:00'),
(1530, 28, 45, '', '0000-00-00 00:00:00'),
(1531, 28, 46, '', '0000-00-00 00:00:00'),
(1532, 28, 47, '', '0000-00-00 00:00:00'),
(1533, 28, 48, '', '0000-00-00 00:00:00'),
(1534, 28, 49, '', '0000-00-00 00:00:00'),
(1535, 28, 50, '', '0000-00-00 00:00:00'),
(1536, 28, 51, '', '0000-00-00 00:00:00'),
(1537, 28, 52, '', '0000-00-00 00:00:00'),
(1538, 28, 53, '', '0000-00-00 00:00:00'),
(1539, 28, 55, '', '0000-00-00 00:00:00'),
(1540, 28, 62, '', '0000-00-00 00:00:00'),
(1541, 29, 1, '', '0000-00-00 00:00:00'),
(1542, 29, 2, '', '0000-00-00 00:00:00'),
(1543, 29, 3, '', '0000-00-00 00:00:00'),
(1544, 29, 4, '', '0000-00-00 00:00:00'),
(1545, 29, 5, '', '0000-00-00 00:00:00'),
(1546, 29, 6, '', '0000-00-00 00:00:00'),
(1547, 29, 7, '', '0000-00-00 00:00:00'),
(1548, 29, 8, '', '0000-00-00 00:00:00'),
(1549, 29, 9, '', '0000-00-00 00:00:00'),
(1550, 29, 10, '', '0000-00-00 00:00:00'),
(1551, 29, 11, '', '0000-00-00 00:00:00'),
(1552, 29, 12, '', '0000-00-00 00:00:00'),
(1553, 29, 13, '', '0000-00-00 00:00:00'),
(1554, 29, 14, '', '0000-00-00 00:00:00'),
(1555, 29, 15, '', '0000-00-00 00:00:00'),
(1556, 29, 16, '', '0000-00-00 00:00:00'),
(1557, 29, 17, '', '0000-00-00 00:00:00'),
(1558, 29, 18, '', '0000-00-00 00:00:00'),
(1559, 29, 19, '', '0000-00-00 00:00:00'),
(1560, 29, 20, '', '0000-00-00 00:00:00'),
(1561, 29, 21, '', '0000-00-00 00:00:00'),
(1562, 29, 22, '', '0000-00-00 00:00:00'),
(1563, 29, 23, '', '0000-00-00 00:00:00'),
(1564, 29, 24, '', '0000-00-00 00:00:00'),
(1565, 29, 25, '', '0000-00-00 00:00:00'),
(1566, 29, 26, '', '0000-00-00 00:00:00'),
(1567, 29, 27, '', '0000-00-00 00:00:00'),
(1568, 29, 28, '', '0000-00-00 00:00:00'),
(1569, 29, 29, '', '0000-00-00 00:00:00'),
(1570, 29, 30, '', '0000-00-00 00:00:00'),
(1571, 29, 31, '', '0000-00-00 00:00:00'),
(1572, 29, 32, '', '0000-00-00 00:00:00'),
(1573, 29, 33, '', '0000-00-00 00:00:00'),
(1574, 29, 34, '', '0000-00-00 00:00:00'),
(1575, 29, 35, '', '0000-00-00 00:00:00'),
(1576, 29, 36, '', '0000-00-00 00:00:00'),
(1577, 29, 37, '', '0000-00-00 00:00:00'),
(1578, 29, 38, '', '0000-00-00 00:00:00'),
(1579, 29, 39, '', '0000-00-00 00:00:00'),
(1580, 29, 40, '', '0000-00-00 00:00:00'),
(1581, 29, 41, '', '0000-00-00 00:00:00'),
(1582, 29, 42, '', '0000-00-00 00:00:00'),
(1583, 29, 43, '', '0000-00-00 00:00:00'),
(1584, 29, 44, '', '0000-00-00 00:00:00'),
(1585, 29, 45, '', '0000-00-00 00:00:00'),
(1586, 29, 46, '', '0000-00-00 00:00:00'),
(1587, 29, 47, '', '0000-00-00 00:00:00'),
(1588, 29, 48, '', '0000-00-00 00:00:00'),
(1589, 29, 49, '', '0000-00-00 00:00:00'),
(1590, 29, 50, '', '0000-00-00 00:00:00'),
(1591, 29, 51, '', '0000-00-00 00:00:00'),
(1592, 29, 52, '', '0000-00-00 00:00:00'),
(1593, 29, 53, '', '0000-00-00 00:00:00'),
(1594, 29, 55, '', '0000-00-00 00:00:00'),
(1595, 29, 62, '', '0000-00-00 00:00:00'),
(1596, 30, 1, '', '0000-00-00 00:00:00'),
(1597, 30, 2, '', '0000-00-00 00:00:00'),
(1598, 30, 3, '', '0000-00-00 00:00:00'),
(1599, 30, 4, '', '0000-00-00 00:00:00'),
(1600, 30, 5, '', '0000-00-00 00:00:00'),
(1601, 30, 6, '', '0000-00-00 00:00:00'),
(1602, 30, 7, '', '0000-00-00 00:00:00'),
(1603, 30, 8, '', '0000-00-00 00:00:00'),
(1604, 30, 9, '', '0000-00-00 00:00:00'),
(1605, 30, 10, '', '0000-00-00 00:00:00'),
(1606, 30, 11, '', '0000-00-00 00:00:00'),
(1607, 30, 12, '', '0000-00-00 00:00:00'),
(1608, 30, 13, '', '0000-00-00 00:00:00'),
(1609, 30, 14, '', '0000-00-00 00:00:00'),
(1610, 30, 15, '', '0000-00-00 00:00:00'),
(1611, 30, 16, '', '0000-00-00 00:00:00'),
(1612, 30, 17, '', '0000-00-00 00:00:00'),
(1613, 30, 18, '', '0000-00-00 00:00:00'),
(1614, 30, 19, '', '0000-00-00 00:00:00'),
(1615, 30, 20, '', '0000-00-00 00:00:00'),
(1616, 30, 21, '', '0000-00-00 00:00:00'),
(1617, 30, 22, '', '0000-00-00 00:00:00'),
(1618, 30, 23, '', '0000-00-00 00:00:00'),
(1619, 30, 24, '', '0000-00-00 00:00:00'),
(1620, 30, 25, '', '0000-00-00 00:00:00'),
(1621, 30, 26, '', '0000-00-00 00:00:00'),
(1622, 30, 27, '', '0000-00-00 00:00:00'),
(1623, 30, 28, '', '0000-00-00 00:00:00'),
(1624, 30, 29, '', '0000-00-00 00:00:00'),
(1625, 30, 30, '', '0000-00-00 00:00:00'),
(1626, 30, 31, '', '0000-00-00 00:00:00'),
(1627, 30, 32, '', '0000-00-00 00:00:00'),
(1628, 30, 33, '', '0000-00-00 00:00:00'),
(1629, 30, 34, '', '0000-00-00 00:00:00'),
(1630, 30, 35, '', '0000-00-00 00:00:00'),
(1631, 30, 36, '', '0000-00-00 00:00:00'),
(1632, 30, 37, '', '0000-00-00 00:00:00'),
(1633, 30, 38, '', '0000-00-00 00:00:00'),
(1634, 30, 39, '', '0000-00-00 00:00:00'),
(1635, 30, 40, '', '0000-00-00 00:00:00'),
(1636, 30, 41, '', '0000-00-00 00:00:00'),
(1637, 30, 42, '', '0000-00-00 00:00:00'),
(1638, 30, 43, '', '0000-00-00 00:00:00'),
(1639, 30, 44, '', '0000-00-00 00:00:00'),
(1640, 30, 45, '', '0000-00-00 00:00:00'),
(1641, 30, 46, '', '0000-00-00 00:00:00'),
(1642, 30, 47, '', '0000-00-00 00:00:00'),
(1643, 30, 48, '', '0000-00-00 00:00:00'),
(1644, 30, 49, '', '0000-00-00 00:00:00'),
(1645, 30, 50, '', '0000-00-00 00:00:00'),
(1646, 30, 51, '', '0000-00-00 00:00:00'),
(1647, 30, 52, '', '0000-00-00 00:00:00'),
(1648, 30, 53, '', '0000-00-00 00:00:00'),
(1649, 30, 55, '', '0000-00-00 00:00:00'),
(1650, 30, 62, '', '0000-00-00 00:00:00'),
(1651, 31, 1, '', '0000-00-00 00:00:00'),
(1652, 31, 2, '', '0000-00-00 00:00:00'),
(1653, 31, 3, '', '0000-00-00 00:00:00'),
(1654, 31, 4, '', '0000-00-00 00:00:00'),
(1655, 31, 5, '', '0000-00-00 00:00:00'),
(1656, 31, 6, '', '0000-00-00 00:00:00'),
(1657, 31, 7, '', '0000-00-00 00:00:00'),
(1658, 31, 8, '', '0000-00-00 00:00:00'),
(1659, 31, 9, '', '0000-00-00 00:00:00'),
(1660, 31, 10, '', '0000-00-00 00:00:00'),
(1661, 31, 11, '', '0000-00-00 00:00:00'),
(1662, 31, 12, '', '0000-00-00 00:00:00'),
(1663, 31, 13, '', '0000-00-00 00:00:00'),
(1664, 31, 14, '', '0000-00-00 00:00:00'),
(1665, 31, 15, '', '0000-00-00 00:00:00'),
(1666, 31, 16, '', '0000-00-00 00:00:00'),
(1667, 31, 17, '', '0000-00-00 00:00:00'),
(1668, 31, 18, '', '0000-00-00 00:00:00'),
(1669, 31, 19, '', '0000-00-00 00:00:00'),
(1670, 31, 20, '', '0000-00-00 00:00:00'),
(1671, 31, 21, '', '0000-00-00 00:00:00'),
(1672, 31, 22, '', '0000-00-00 00:00:00'),
(1673, 31, 23, '', '0000-00-00 00:00:00'),
(1674, 31, 24, '', '0000-00-00 00:00:00'),
(1675, 31, 25, '', '0000-00-00 00:00:00'),
(1676, 31, 26, '', '0000-00-00 00:00:00'),
(1677, 31, 27, '', '0000-00-00 00:00:00'),
(1678, 31, 28, '', '0000-00-00 00:00:00'),
(1679, 31, 29, '', '0000-00-00 00:00:00'),
(1680, 31, 30, '', '0000-00-00 00:00:00'),
(1681, 31, 31, '', '0000-00-00 00:00:00'),
(1682, 31, 32, '', '0000-00-00 00:00:00'),
(1683, 31, 33, '', '0000-00-00 00:00:00'),
(1684, 31, 34, '', '0000-00-00 00:00:00'),
(1685, 31, 35, '', '0000-00-00 00:00:00'),
(1686, 31, 36, '', '0000-00-00 00:00:00'),
(1687, 31, 37, '', '0000-00-00 00:00:00'),
(1688, 31, 38, '', '0000-00-00 00:00:00'),
(1689, 31, 39, '', '0000-00-00 00:00:00'),
(1690, 31, 40, '', '0000-00-00 00:00:00'),
(1691, 31, 41, '', '0000-00-00 00:00:00'),
(1692, 31, 42, '', '0000-00-00 00:00:00'),
(1693, 31, 43, '', '0000-00-00 00:00:00'),
(1694, 31, 44, '', '0000-00-00 00:00:00'),
(1695, 31, 45, '', '0000-00-00 00:00:00'),
(1696, 31, 46, '', '0000-00-00 00:00:00'),
(1697, 31, 47, '', '0000-00-00 00:00:00'),
(1698, 31, 48, '', '0000-00-00 00:00:00'),
(1699, 31, 49, '', '0000-00-00 00:00:00'),
(1700, 31, 50, '', '0000-00-00 00:00:00'),
(1701, 31, 51, '', '0000-00-00 00:00:00'),
(1702, 31, 52, '', '0000-00-00 00:00:00'),
(1703, 31, 53, '', '0000-00-00 00:00:00'),
(1704, 31, 55, '', '0000-00-00 00:00:00'),
(1705, 31, 62, '', '0000-00-00 00:00:00'),
(1706, 32, 1, '', '0000-00-00 00:00:00'),
(1707, 32, 2, '', '0000-00-00 00:00:00'),
(1708, 32, 3, '', '0000-00-00 00:00:00'),
(1709, 32, 4, '', '0000-00-00 00:00:00'),
(1710, 32, 5, '', '0000-00-00 00:00:00'),
(1711, 32, 6, '', '0000-00-00 00:00:00'),
(1712, 32, 7, '', '0000-00-00 00:00:00'),
(1713, 32, 8, '', '0000-00-00 00:00:00'),
(1714, 32, 9, '', '0000-00-00 00:00:00'),
(1715, 32, 10, '', '0000-00-00 00:00:00'),
(1716, 32, 11, '', '0000-00-00 00:00:00'),
(1717, 32, 12, '', '0000-00-00 00:00:00'),
(1718, 32, 13, '', '0000-00-00 00:00:00'),
(1719, 32, 14, '', '0000-00-00 00:00:00'),
(1720, 32, 15, '', '0000-00-00 00:00:00'),
(1721, 32, 16, '', '0000-00-00 00:00:00'),
(1722, 32, 17, '', '0000-00-00 00:00:00'),
(1723, 32, 18, '', '0000-00-00 00:00:00'),
(1724, 32, 19, '', '0000-00-00 00:00:00'),
(1725, 32, 20, '', '0000-00-00 00:00:00'),
(1726, 32, 21, '', '0000-00-00 00:00:00'),
(1727, 32, 22, '', '0000-00-00 00:00:00'),
(1728, 32, 23, '', '0000-00-00 00:00:00'),
(1729, 32, 24, '', '0000-00-00 00:00:00'),
(1730, 32, 25, '', '0000-00-00 00:00:00'),
(1731, 32, 26, '', '0000-00-00 00:00:00'),
(1732, 32, 27, '', '0000-00-00 00:00:00'),
(1733, 32, 28, '', '0000-00-00 00:00:00'),
(1734, 32, 29, '', '0000-00-00 00:00:00'),
(1735, 32, 30, '', '0000-00-00 00:00:00'),
(1736, 32, 31, '', '0000-00-00 00:00:00'),
(1737, 32, 32, '', '0000-00-00 00:00:00'),
(1738, 32, 33, '', '0000-00-00 00:00:00'),
(1739, 32, 34, '', '0000-00-00 00:00:00'),
(1740, 32, 35, '', '0000-00-00 00:00:00'),
(1741, 32, 36, '', '0000-00-00 00:00:00'),
(1742, 32, 37, '', '0000-00-00 00:00:00'),
(1743, 32, 38, '', '0000-00-00 00:00:00'),
(1744, 32, 39, '', '0000-00-00 00:00:00'),
(1745, 32, 40, '', '0000-00-00 00:00:00'),
(1746, 32, 41, '', '0000-00-00 00:00:00'),
(1747, 32, 42, '', '0000-00-00 00:00:00'),
(1748, 32, 43, '', '0000-00-00 00:00:00'),
(1749, 32, 44, '', '0000-00-00 00:00:00'),
(1750, 32, 45, '', '0000-00-00 00:00:00'),
(1751, 32, 46, '', '0000-00-00 00:00:00'),
(1752, 32, 47, '', '0000-00-00 00:00:00'),
(1753, 32, 48, '', '0000-00-00 00:00:00'),
(1754, 32, 49, '', '0000-00-00 00:00:00'),
(1755, 32, 50, '', '0000-00-00 00:00:00'),
(1756, 32, 51, '', '0000-00-00 00:00:00'),
(1757, 32, 52, '', '0000-00-00 00:00:00'),
(1758, 32, 53, '', '0000-00-00 00:00:00'),
(1759, 32, 55, '', '0000-00-00 00:00:00'),
(1760, 32, 62, '', '0000-00-00 00:00:00'),
(1761, 33, 1, '', '0000-00-00 00:00:00'),
(1762, 33, 2, '', '0000-00-00 00:00:00'),
(1763, 33, 3, '', '0000-00-00 00:00:00'),
(1764, 33, 4, '', '0000-00-00 00:00:00'),
(1765, 33, 5, '', '0000-00-00 00:00:00'),
(1766, 33, 6, '', '0000-00-00 00:00:00'),
(1767, 33, 7, '', '0000-00-00 00:00:00'),
(1768, 33, 8, '', '0000-00-00 00:00:00'),
(1769, 33, 9, '', '0000-00-00 00:00:00'),
(1770, 33, 10, '', '0000-00-00 00:00:00'),
(1771, 33, 11, '', '0000-00-00 00:00:00'),
(1772, 33, 12, '', '0000-00-00 00:00:00'),
(1773, 33, 13, '', '0000-00-00 00:00:00'),
(1774, 33, 14, '', '0000-00-00 00:00:00'),
(1775, 33, 15, '', '0000-00-00 00:00:00'),
(1776, 33, 16, '', '0000-00-00 00:00:00'),
(1777, 33, 17, '', '0000-00-00 00:00:00'),
(1778, 33, 18, '', '0000-00-00 00:00:00'),
(1779, 33, 19, '', '0000-00-00 00:00:00'),
(1780, 33, 20, '', '0000-00-00 00:00:00'),
(1781, 33, 21, '', '0000-00-00 00:00:00'),
(1782, 33, 22, '', '0000-00-00 00:00:00'),
(1783, 33, 23, '', '0000-00-00 00:00:00'),
(1784, 33, 24, '', '0000-00-00 00:00:00'),
(1785, 33, 25, '', '0000-00-00 00:00:00'),
(1786, 33, 26, '', '0000-00-00 00:00:00'),
(1787, 33, 27, '', '0000-00-00 00:00:00'),
(1788, 33, 28, '', '0000-00-00 00:00:00'),
(1789, 33, 29, '', '0000-00-00 00:00:00'),
(1790, 33, 30, '', '0000-00-00 00:00:00'),
(1791, 33, 31, '', '0000-00-00 00:00:00'),
(1792, 33, 32, '', '0000-00-00 00:00:00'),
(1793, 33, 33, '', '0000-00-00 00:00:00'),
(1794, 33, 34, '', '0000-00-00 00:00:00'),
(1795, 33, 35, '', '0000-00-00 00:00:00'),
(1796, 33, 36, '', '0000-00-00 00:00:00'),
(1797, 33, 37, '', '0000-00-00 00:00:00'),
(1798, 33, 38, '', '0000-00-00 00:00:00'),
(1799, 33, 39, '', '0000-00-00 00:00:00'),
(1800, 33, 40, '', '0000-00-00 00:00:00'),
(1801, 33, 41, '', '0000-00-00 00:00:00'),
(1802, 33, 42, '', '0000-00-00 00:00:00'),
(1803, 33, 43, '', '0000-00-00 00:00:00'),
(1804, 33, 44, '', '0000-00-00 00:00:00'),
(1805, 33, 45, '', '0000-00-00 00:00:00'),
(1806, 33, 46, '', '0000-00-00 00:00:00'),
(1807, 33, 47, '', '0000-00-00 00:00:00'),
(1808, 33, 48, '', '0000-00-00 00:00:00'),
(1809, 33, 49, '', '0000-00-00 00:00:00'),
(1810, 33, 50, '', '0000-00-00 00:00:00'),
(1811, 33, 51, '', '0000-00-00 00:00:00'),
(1812, 33, 52, '', '0000-00-00 00:00:00'),
(1813, 33, 53, '', '0000-00-00 00:00:00'),
(1814, 33, 55, '', '0000-00-00 00:00:00'),
(1815, 33, 62, '', '0000-00-00 00:00:00'),
(1816, 34, 1, '', '0000-00-00 00:00:00'),
(1817, 34, 2, '', '0000-00-00 00:00:00'),
(1818, 34, 3, '', '0000-00-00 00:00:00'),
(1819, 34, 4, '', '0000-00-00 00:00:00'),
(1820, 34, 5, '', '0000-00-00 00:00:00'),
(1821, 34, 6, '', '0000-00-00 00:00:00'),
(1822, 34, 7, '', '0000-00-00 00:00:00'),
(1823, 34, 8, '', '0000-00-00 00:00:00'),
(1824, 34, 9, '', '0000-00-00 00:00:00'),
(1825, 34, 10, '', '0000-00-00 00:00:00'),
(1826, 34, 11, '', '0000-00-00 00:00:00'),
(1827, 34, 12, '', '0000-00-00 00:00:00'),
(1828, 34, 13, '', '0000-00-00 00:00:00'),
(1829, 34, 14, '', '0000-00-00 00:00:00'),
(1830, 34, 15, '', '0000-00-00 00:00:00'),
(1831, 34, 16, '', '0000-00-00 00:00:00'),
(1832, 34, 17, '', '0000-00-00 00:00:00'),
(1833, 34, 18, '', '0000-00-00 00:00:00'),
(1834, 34, 19, '', '0000-00-00 00:00:00'),
(1835, 34, 20, '', '0000-00-00 00:00:00'),
(1836, 34, 21, '', '0000-00-00 00:00:00'),
(1837, 34, 22, '', '0000-00-00 00:00:00'),
(1838, 34, 23, '', '0000-00-00 00:00:00'),
(1839, 34, 24, '', '0000-00-00 00:00:00'),
(1840, 34, 25, '', '0000-00-00 00:00:00'),
(1841, 34, 26, '', '0000-00-00 00:00:00'),
(1842, 34, 27, '', '0000-00-00 00:00:00'),
(1843, 34, 28, '', '0000-00-00 00:00:00'),
(1844, 34, 29, '', '0000-00-00 00:00:00'),
(1845, 34, 30, '', '0000-00-00 00:00:00'),
(1846, 34, 31, '', '0000-00-00 00:00:00'),
(1847, 34, 32, '', '0000-00-00 00:00:00'),
(1848, 34, 33, '', '0000-00-00 00:00:00'),
(1849, 34, 34, '', '0000-00-00 00:00:00'),
(1850, 34, 35, '', '0000-00-00 00:00:00'),
(1851, 34, 36, '', '0000-00-00 00:00:00'),
(1852, 34, 37, '', '0000-00-00 00:00:00'),
(1853, 34, 38, '', '0000-00-00 00:00:00'),
(1854, 34, 39, '', '0000-00-00 00:00:00'),
(1855, 34, 40, '', '0000-00-00 00:00:00'),
(1856, 34, 41, '', '0000-00-00 00:00:00'),
(1857, 34, 42, '', '0000-00-00 00:00:00'),
(1858, 34, 43, '', '0000-00-00 00:00:00'),
(1859, 34, 44, '', '0000-00-00 00:00:00'),
(1860, 34, 45, '', '0000-00-00 00:00:00'),
(1861, 34, 46, '', '0000-00-00 00:00:00'),
(1862, 34, 47, '', '0000-00-00 00:00:00'),
(1863, 34, 48, '', '0000-00-00 00:00:00'),
(1864, 34, 49, '', '0000-00-00 00:00:00'),
(1865, 34, 50, '', '0000-00-00 00:00:00'),
(1866, 34, 51, '', '0000-00-00 00:00:00'),
(1867, 34, 52, '', '0000-00-00 00:00:00'),
(1868, 34, 53, '', '0000-00-00 00:00:00'),
(1869, 34, 55, '', '0000-00-00 00:00:00'),
(1870, 34, 62, '', '0000-00-00 00:00:00'),
(1871, 35, 1, '', '0000-00-00 00:00:00'),
(1872, 35, 2, '', '0000-00-00 00:00:00'),
(1873, 35, 3, '', '0000-00-00 00:00:00'),
(1874, 35, 4, '', '0000-00-00 00:00:00'),
(1875, 35, 5, '', '0000-00-00 00:00:00'),
(1876, 35, 6, '', '0000-00-00 00:00:00'),
(1877, 35, 7, '', '0000-00-00 00:00:00'),
(1878, 35, 8, '', '0000-00-00 00:00:00'),
(1879, 35, 9, '', '0000-00-00 00:00:00'),
(1880, 35, 10, '', '0000-00-00 00:00:00'),
(1881, 35, 11, '', '0000-00-00 00:00:00'),
(1882, 35, 12, '', '0000-00-00 00:00:00'),
(1883, 35, 13, '', '0000-00-00 00:00:00'),
(1884, 35, 14, '', '0000-00-00 00:00:00'),
(1885, 35, 15, '', '0000-00-00 00:00:00'),
(1886, 35, 16, '', '0000-00-00 00:00:00'),
(1887, 35, 17, '', '0000-00-00 00:00:00'),
(1888, 35, 18, '', '0000-00-00 00:00:00'),
(1889, 35, 19, '', '0000-00-00 00:00:00'),
(1890, 35, 20, '', '0000-00-00 00:00:00'),
(1891, 35, 21, '', '0000-00-00 00:00:00'),
(1892, 35, 22, '', '0000-00-00 00:00:00'),
(1893, 35, 23, '', '0000-00-00 00:00:00'),
(1894, 35, 24, '', '0000-00-00 00:00:00'),
(1895, 35, 25, '', '0000-00-00 00:00:00'),
(1896, 35, 26, '', '0000-00-00 00:00:00'),
(1897, 35, 27, '', '0000-00-00 00:00:00'),
(1898, 35, 28, '', '0000-00-00 00:00:00'),
(1899, 35, 29, '', '0000-00-00 00:00:00'),
(1900, 35, 30, '', '0000-00-00 00:00:00'),
(1901, 35, 31, '', '0000-00-00 00:00:00'),
(1902, 35, 32, '', '0000-00-00 00:00:00'),
(1903, 35, 33, '', '0000-00-00 00:00:00'),
(1904, 35, 34, '', '0000-00-00 00:00:00'),
(1905, 35, 35, '', '0000-00-00 00:00:00'),
(1906, 35, 36, '', '0000-00-00 00:00:00'),
(1907, 35, 37, '', '0000-00-00 00:00:00'),
(1908, 35, 38, '', '0000-00-00 00:00:00'),
(1909, 35, 39, '', '0000-00-00 00:00:00'),
(1910, 35, 40, '', '0000-00-00 00:00:00'),
(1911, 35, 41, '', '0000-00-00 00:00:00'),
(1912, 35, 42, '', '0000-00-00 00:00:00'),
(1913, 35, 43, '', '0000-00-00 00:00:00'),
(1914, 35, 44, '', '0000-00-00 00:00:00'),
(1915, 35, 45, '', '0000-00-00 00:00:00'),
(1916, 35, 46, '', '0000-00-00 00:00:00'),
(1917, 35, 47, '', '0000-00-00 00:00:00'),
(1918, 35, 48, '', '0000-00-00 00:00:00'),
(1919, 35, 49, '', '0000-00-00 00:00:00'),
(1920, 35, 50, '', '0000-00-00 00:00:00'),
(1921, 35, 51, '', '0000-00-00 00:00:00'),
(1922, 35, 52, '', '0000-00-00 00:00:00'),
(1923, 35, 53, '', '0000-00-00 00:00:00'),
(1924, 35, 55, '', '0000-00-00 00:00:00'),
(1925, 35, 62, '', '0000-00-00 00:00:00'),
(1926, 36, 1, '', '0000-00-00 00:00:00'),
(1927, 36, 2, '', '0000-00-00 00:00:00'),
(1928, 36, 3, '', '0000-00-00 00:00:00'),
(1929, 36, 4, '', '0000-00-00 00:00:00'),
(1930, 36, 5, '', '0000-00-00 00:00:00'),
(1931, 36, 6, '', '0000-00-00 00:00:00'),
(1932, 36, 7, '', '0000-00-00 00:00:00'),
(1933, 36, 8, '', '0000-00-00 00:00:00'),
(1934, 36, 9, '', '0000-00-00 00:00:00'),
(1935, 36, 10, '', '0000-00-00 00:00:00'),
(1936, 36, 11, '', '0000-00-00 00:00:00'),
(1937, 36, 12, '', '0000-00-00 00:00:00'),
(1938, 36, 13, '', '0000-00-00 00:00:00'),
(1939, 36, 14, '', '0000-00-00 00:00:00'),
(1940, 36, 15, '', '0000-00-00 00:00:00'),
(1941, 36, 16, '', '0000-00-00 00:00:00'),
(1942, 36, 17, '', '0000-00-00 00:00:00'),
(1943, 36, 18, '', '0000-00-00 00:00:00'),
(1944, 36, 19, '', '0000-00-00 00:00:00'),
(1945, 36, 20, '', '0000-00-00 00:00:00'),
(1946, 36, 21, '', '0000-00-00 00:00:00'),
(1947, 36, 22, '', '0000-00-00 00:00:00'),
(1948, 36, 23, '', '0000-00-00 00:00:00'),
(1949, 36, 24, '', '0000-00-00 00:00:00'),
(1950, 36, 25, '', '0000-00-00 00:00:00'),
(1951, 36, 26, '', '0000-00-00 00:00:00'),
(1952, 36, 27, '', '0000-00-00 00:00:00'),
(1953, 36, 28, '', '0000-00-00 00:00:00'),
(1954, 36, 29, '', '0000-00-00 00:00:00'),
(1955, 36, 30, '', '0000-00-00 00:00:00'),
(1956, 36, 31, '', '0000-00-00 00:00:00'),
(1957, 36, 32, '', '0000-00-00 00:00:00'),
(1958, 36, 33, '', '0000-00-00 00:00:00'),
(1959, 36, 34, '', '0000-00-00 00:00:00'),
(1960, 36, 35, '', '0000-00-00 00:00:00'),
(1961, 36, 36, '', '0000-00-00 00:00:00'),
(1962, 36, 37, '', '0000-00-00 00:00:00'),
(1963, 36, 38, '', '0000-00-00 00:00:00'),
(1964, 36, 39, '', '0000-00-00 00:00:00'),
(1965, 36, 40, '', '0000-00-00 00:00:00'),
(1966, 36, 41, '', '0000-00-00 00:00:00'),
(1967, 36, 42, '', '0000-00-00 00:00:00'),
(1968, 36, 43, '', '0000-00-00 00:00:00'),
(1969, 36, 44, '', '0000-00-00 00:00:00'),
(1970, 36, 45, '', '0000-00-00 00:00:00'),
(1971, 36, 46, '', '0000-00-00 00:00:00'),
(1972, 36, 47, '', '0000-00-00 00:00:00'),
(1973, 36, 48, '', '0000-00-00 00:00:00'),
(1974, 36, 49, '', '0000-00-00 00:00:00'),
(1975, 36, 50, '', '0000-00-00 00:00:00'),
(1976, 36, 51, '', '0000-00-00 00:00:00'),
(1977, 36, 52, '', '0000-00-00 00:00:00'),
(1978, 36, 53, '', '0000-00-00 00:00:00'),
(1979, 36, 55, '', '0000-00-00 00:00:00'),
(1980, 36, 62, '', '0000-00-00 00:00:00'),
(1981, 37, 1, '', '0000-00-00 00:00:00'),
(1982, 37, 2, '', '0000-00-00 00:00:00'),
(1983, 37, 3, '', '0000-00-00 00:00:00'),
(1984, 37, 4, '', '0000-00-00 00:00:00'),
(1985, 37, 5, '', '0000-00-00 00:00:00'),
(1986, 37, 6, '', '0000-00-00 00:00:00'),
(1987, 37, 7, '', '0000-00-00 00:00:00'),
(1988, 37, 8, '', '0000-00-00 00:00:00'),
(1989, 37, 9, '', '0000-00-00 00:00:00'),
(1990, 37, 10, '', '0000-00-00 00:00:00'),
(1991, 37, 11, '', '0000-00-00 00:00:00'),
(1992, 37, 12, '', '0000-00-00 00:00:00'),
(1993, 37, 13, '', '0000-00-00 00:00:00'),
(1994, 37, 14, '', '0000-00-00 00:00:00'),
(1995, 37, 15, '', '0000-00-00 00:00:00'),
(1996, 37, 16, '', '0000-00-00 00:00:00'),
(1997, 37, 17, '', '0000-00-00 00:00:00'),
(1998, 37, 18, '', '0000-00-00 00:00:00'),
(1999, 37, 19, '', '0000-00-00 00:00:00'),
(2000, 37, 20, '', '0000-00-00 00:00:00'),
(2001, 37, 21, '', '0000-00-00 00:00:00'),
(2002, 37, 22, '', '0000-00-00 00:00:00'),
(2003, 37, 23, '', '0000-00-00 00:00:00'),
(2004, 37, 24, '', '0000-00-00 00:00:00'),
(2005, 37, 25, '', '0000-00-00 00:00:00'),
(2006, 37, 26, '', '0000-00-00 00:00:00'),
(2007, 37, 27, '', '0000-00-00 00:00:00'),
(2008, 37, 28, '', '0000-00-00 00:00:00'),
(2009, 37, 29, '', '0000-00-00 00:00:00'),
(2010, 37, 30, '', '0000-00-00 00:00:00'),
(2011, 37, 31, '', '0000-00-00 00:00:00'),
(2012, 37, 32, '', '0000-00-00 00:00:00'),
(2013, 37, 33, '', '0000-00-00 00:00:00'),
(2014, 37, 34, '', '0000-00-00 00:00:00'),
(2015, 37, 35, '', '0000-00-00 00:00:00'),
(2016, 37, 36, '', '0000-00-00 00:00:00'),
(2017, 37, 37, '', '0000-00-00 00:00:00'),
(2018, 37, 38, '', '0000-00-00 00:00:00'),
(2019, 37, 39, '', '0000-00-00 00:00:00'),
(2020, 37, 40, '', '0000-00-00 00:00:00'),
(2021, 37, 41, '', '0000-00-00 00:00:00'),
(2022, 37, 42, '', '0000-00-00 00:00:00'),
(2023, 37, 43, '', '0000-00-00 00:00:00'),
(2024, 37, 44, '', '0000-00-00 00:00:00'),
(2025, 37, 45, '', '0000-00-00 00:00:00'),
(2026, 37, 46, '', '0000-00-00 00:00:00'),
(2027, 37, 47, '', '0000-00-00 00:00:00'),
(2028, 37, 48, '', '0000-00-00 00:00:00'),
(2029, 37, 49, '', '0000-00-00 00:00:00'),
(2030, 37, 50, '', '0000-00-00 00:00:00'),
(2031, 37, 51, '', '0000-00-00 00:00:00'),
(2032, 37, 52, '', '0000-00-00 00:00:00'),
(2033, 37, 53, '', '0000-00-00 00:00:00'),
(2034, 37, 55, '', '0000-00-00 00:00:00'),
(2035, 37, 62, '', '0000-00-00 00:00:00'),
(2036, 38, 1, '', '0000-00-00 00:00:00'),
(2037, 38, 2, '', '0000-00-00 00:00:00'),
(2038, 38, 3, '', '0000-00-00 00:00:00'),
(2039, 38, 4, '', '0000-00-00 00:00:00'),
(2040, 38, 5, '', '0000-00-00 00:00:00'),
(2041, 38, 6, '', '0000-00-00 00:00:00'),
(2042, 38, 7, '', '0000-00-00 00:00:00'),
(2043, 38, 8, '', '0000-00-00 00:00:00'),
(2044, 38, 9, '', '0000-00-00 00:00:00'),
(2045, 38, 10, '', '0000-00-00 00:00:00'),
(2046, 38, 11, '', '0000-00-00 00:00:00'),
(2047, 38, 12, '', '0000-00-00 00:00:00'),
(2048, 38, 13, '', '0000-00-00 00:00:00'),
(2049, 38, 14, '', '0000-00-00 00:00:00'),
(2050, 38, 15, '', '0000-00-00 00:00:00'),
(2051, 38, 16, '', '0000-00-00 00:00:00'),
(2052, 38, 17, '', '0000-00-00 00:00:00'),
(2053, 38, 18, '', '0000-00-00 00:00:00'),
(2054, 38, 19, '', '0000-00-00 00:00:00'),
(2055, 38, 20, '', '0000-00-00 00:00:00'),
(2056, 38, 21, '', '0000-00-00 00:00:00'),
(2057, 38, 22, '', '0000-00-00 00:00:00'),
(2058, 38, 23, '', '0000-00-00 00:00:00'),
(2059, 38, 24, '', '0000-00-00 00:00:00'),
(2060, 38, 25, '', '0000-00-00 00:00:00'),
(2061, 38, 26, '', '0000-00-00 00:00:00'),
(2062, 38, 27, '', '0000-00-00 00:00:00'),
(2063, 38, 28, '', '0000-00-00 00:00:00'),
(2064, 38, 29, '', '0000-00-00 00:00:00'),
(2065, 38, 30, '', '0000-00-00 00:00:00'),
(2066, 38, 31, '', '0000-00-00 00:00:00'),
(2067, 38, 32, '', '0000-00-00 00:00:00'),
(2068, 38, 33, '', '0000-00-00 00:00:00'),
(2069, 38, 34, '', '0000-00-00 00:00:00'),
(2070, 38, 35, '', '0000-00-00 00:00:00'),
(2071, 38, 36, '', '0000-00-00 00:00:00'),
(2072, 38, 37, '', '0000-00-00 00:00:00'),
(2073, 38, 38, '', '0000-00-00 00:00:00'),
(2074, 38, 39, '', '0000-00-00 00:00:00'),
(2075, 38, 40, '', '0000-00-00 00:00:00'),
(2076, 38, 41, '', '0000-00-00 00:00:00'),
(2077, 38, 42, '', '0000-00-00 00:00:00'),
(2078, 38, 43, '', '0000-00-00 00:00:00'),
(2079, 38, 44, '', '0000-00-00 00:00:00'),
(2080, 38, 45, '', '0000-00-00 00:00:00'),
(2081, 38, 46, '', '0000-00-00 00:00:00'),
(2082, 38, 47, '', '0000-00-00 00:00:00'),
(2083, 38, 48, '', '0000-00-00 00:00:00'),
(2084, 38, 49, '', '0000-00-00 00:00:00'),
(2085, 38, 50, '', '0000-00-00 00:00:00'),
(2086, 38, 51, '', '0000-00-00 00:00:00'),
(2087, 38, 52, '', '0000-00-00 00:00:00'),
(2088, 38, 53, '', '0000-00-00 00:00:00'),
(2089, 38, 55, '', '0000-00-00 00:00:00'),
(2090, 38, 62, '', '0000-00-00 00:00:00'),
(2091, 39, 1, '', '0000-00-00 00:00:00'),
(2092, 39, 2, '', '0000-00-00 00:00:00'),
(2093, 39, 3, '', '0000-00-00 00:00:00'),
(2094, 39, 4, '', '0000-00-00 00:00:00'),
(2095, 39, 5, '', '0000-00-00 00:00:00'),
(2096, 39, 6, '', '0000-00-00 00:00:00'),
(2097, 39, 7, '', '0000-00-00 00:00:00'),
(2098, 39, 8, '', '0000-00-00 00:00:00'),
(2099, 39, 9, '', '0000-00-00 00:00:00'),
(2100, 39, 10, '', '0000-00-00 00:00:00'),
(2101, 39, 11, '', '0000-00-00 00:00:00'),
(2102, 39, 12, '', '0000-00-00 00:00:00'),
(2103, 39, 13, '', '0000-00-00 00:00:00'),
(2104, 39, 14, '', '0000-00-00 00:00:00'),
(2105, 39, 15, '', '0000-00-00 00:00:00'),
(2106, 39, 16, '', '0000-00-00 00:00:00'),
(2107, 39, 17, '', '0000-00-00 00:00:00'),
(2108, 39, 18, '', '0000-00-00 00:00:00'),
(2109, 39, 19, '', '0000-00-00 00:00:00'),
(2110, 39, 20, '', '0000-00-00 00:00:00'),
(2111, 39, 21, '', '0000-00-00 00:00:00'),
(2112, 39, 22, '', '0000-00-00 00:00:00'),
(2113, 39, 23, '', '0000-00-00 00:00:00'),
(2114, 39, 24, '', '0000-00-00 00:00:00'),
(2115, 39, 25, '', '0000-00-00 00:00:00'),
(2116, 39, 26, '', '0000-00-00 00:00:00'),
(2117, 39, 27, '', '0000-00-00 00:00:00'),
(2118, 39, 28, '', '0000-00-00 00:00:00'),
(2119, 39, 29, '', '0000-00-00 00:00:00'),
(2120, 39, 30, '', '0000-00-00 00:00:00'),
(2121, 39, 31, '', '0000-00-00 00:00:00'),
(2122, 39, 32, '', '0000-00-00 00:00:00'),
(2123, 39, 33, '', '0000-00-00 00:00:00'),
(2124, 39, 34, '', '0000-00-00 00:00:00'),
(2125, 39, 35, '', '0000-00-00 00:00:00'),
(2126, 39, 36, '', '0000-00-00 00:00:00'),
(2127, 39, 37, '', '0000-00-00 00:00:00'),
(2128, 39, 38, '', '0000-00-00 00:00:00'),
(2129, 39, 39, '', '0000-00-00 00:00:00'),
(2130, 39, 40, '', '0000-00-00 00:00:00'),
(2131, 39, 41, '', '0000-00-00 00:00:00'),
(2132, 39, 42, '', '0000-00-00 00:00:00'),
(2133, 39, 43, '', '0000-00-00 00:00:00'),
(2134, 39, 44, '', '0000-00-00 00:00:00'),
(2135, 39, 45, '', '0000-00-00 00:00:00'),
(2136, 39, 46, '', '0000-00-00 00:00:00'),
(2137, 39, 47, '', '0000-00-00 00:00:00'),
(2138, 39, 48, '', '0000-00-00 00:00:00'),
(2139, 39, 49, '', '0000-00-00 00:00:00'),
(2140, 39, 50, '', '0000-00-00 00:00:00'),
(2141, 39, 51, '', '0000-00-00 00:00:00'),
(2142, 39, 52, '', '0000-00-00 00:00:00'),
(2143, 39, 53, '', '0000-00-00 00:00:00'),
(2144, 39, 55, '', '0000-00-00 00:00:00'),
(2145, 39, 62, '', '0000-00-00 00:00:00'),
(2146, 41, 1, '', '0000-00-00 00:00:00'),
(2147, 41, 2, '', '0000-00-00 00:00:00'),
(2148, 41, 3, '', '0000-00-00 00:00:00'),
(2149, 41, 4, '', '0000-00-00 00:00:00'),
(2150, 41, 5, '', '0000-00-00 00:00:00'),
(2151, 41, 6, '', '0000-00-00 00:00:00'),
(2152, 41, 7, '', '0000-00-00 00:00:00'),
(2153, 41, 8, '', '0000-00-00 00:00:00'),
(2154, 41, 9, '', '0000-00-00 00:00:00'),
(2155, 41, 10, '', '0000-00-00 00:00:00'),
(2156, 41, 11, '', '0000-00-00 00:00:00'),
(2157, 41, 12, '', '0000-00-00 00:00:00'),
(2158, 41, 13, '', '0000-00-00 00:00:00'),
(2159, 41, 14, '', '0000-00-00 00:00:00'),
(2160, 41, 15, '', '0000-00-00 00:00:00'),
(2161, 41, 16, '', '0000-00-00 00:00:00'),
(2162, 41, 17, '', '0000-00-00 00:00:00'),
(2163, 41, 18, '', '0000-00-00 00:00:00'),
(2164, 41, 19, '', '0000-00-00 00:00:00'),
(2165, 41, 20, '', '0000-00-00 00:00:00'),
(2166, 41, 21, '', '0000-00-00 00:00:00'),
(2167, 41, 22, '', '0000-00-00 00:00:00'),
(2168, 41, 23, '', '0000-00-00 00:00:00'),
(2169, 41, 24, '', '0000-00-00 00:00:00'),
(2170, 41, 25, '', '0000-00-00 00:00:00'),
(2171, 41, 26, '', '0000-00-00 00:00:00'),
(2172, 41, 27, '', '0000-00-00 00:00:00'),
(2173, 41, 28, '', '0000-00-00 00:00:00'),
(2174, 41, 29, '', '0000-00-00 00:00:00'),
(2175, 41, 30, '', '0000-00-00 00:00:00'),
(2176, 41, 31, '', '0000-00-00 00:00:00'),
(2177, 41, 32, '', '0000-00-00 00:00:00'),
(2178, 41, 33, '', '0000-00-00 00:00:00'),
(2179, 41, 34, '', '0000-00-00 00:00:00'),
(2180, 41, 35, '', '0000-00-00 00:00:00'),
(2181, 41, 36, '', '0000-00-00 00:00:00'),
(2182, 41, 37, '', '0000-00-00 00:00:00'),
(2183, 41, 38, '', '0000-00-00 00:00:00'),
(2184, 41, 39, '', '0000-00-00 00:00:00'),
(2185, 41, 40, '', '0000-00-00 00:00:00'),
(2186, 41, 41, '', '0000-00-00 00:00:00'),
(2187, 41, 42, '', '0000-00-00 00:00:00'),
(2188, 41, 43, '', '0000-00-00 00:00:00'),
(2189, 41, 44, '', '0000-00-00 00:00:00'),
(2190, 41, 45, '', '0000-00-00 00:00:00'),
(2191, 41, 46, '', '0000-00-00 00:00:00'),
(2192, 41, 47, '', '0000-00-00 00:00:00'),
(2193, 41, 48, '', '0000-00-00 00:00:00'),
(2194, 41, 49, '', '0000-00-00 00:00:00'),
(2195, 41, 50, '', '0000-00-00 00:00:00'),
(2196, 41, 51, '', '0000-00-00 00:00:00'),
(2197, 41, 52, '', '0000-00-00 00:00:00'),
(2198, 41, 53, '', '0000-00-00 00:00:00'),
(2199, 41, 55, '', '0000-00-00 00:00:00'),
(2200, 41, 62, '', '0000-00-00 00:00:00'),
(2201, 42, 1, '', '0000-00-00 00:00:00'),
(2202, 42, 2, '', '0000-00-00 00:00:00'),
(2203, 42, 3, '', '0000-00-00 00:00:00'),
(2204, 42, 4, '', '0000-00-00 00:00:00'),
(2205, 42, 5, '', '0000-00-00 00:00:00'),
(2206, 42, 6, '', '0000-00-00 00:00:00'),
(2207, 42, 7, '', '0000-00-00 00:00:00'),
(2208, 42, 8, '', '0000-00-00 00:00:00'),
(2209, 42, 9, '', '0000-00-00 00:00:00'),
(2210, 42, 10, '', '0000-00-00 00:00:00'),
(2211, 42, 11, '', '0000-00-00 00:00:00'),
(2212, 42, 12, '', '0000-00-00 00:00:00'),
(2213, 42, 13, '', '0000-00-00 00:00:00'),
(2214, 42, 14, '', '0000-00-00 00:00:00'),
(2215, 42, 15, '', '0000-00-00 00:00:00'),
(2216, 42, 16, '', '0000-00-00 00:00:00'),
(2217, 42, 17, '', '0000-00-00 00:00:00'),
(2218, 42, 18, '', '0000-00-00 00:00:00'),
(2219, 42, 19, '', '0000-00-00 00:00:00'),
(2220, 42, 20, '', '0000-00-00 00:00:00'),
(2221, 42, 21, '', '0000-00-00 00:00:00'),
(2222, 42, 22, '', '0000-00-00 00:00:00'),
(2223, 42, 23, '', '0000-00-00 00:00:00'),
(2224, 42, 24, '', '0000-00-00 00:00:00'),
(2225, 42, 25, '', '0000-00-00 00:00:00'),
(2226, 42, 26, '', '0000-00-00 00:00:00'),
(2227, 42, 27, '', '0000-00-00 00:00:00'),
(2228, 42, 28, '', '0000-00-00 00:00:00'),
(2229, 42, 29, '', '0000-00-00 00:00:00'),
(2230, 42, 30, '', '0000-00-00 00:00:00'),
(2231, 42, 31, '', '0000-00-00 00:00:00'),
(2232, 42, 32, '', '0000-00-00 00:00:00'),
(2233, 42, 33, '', '0000-00-00 00:00:00'),
(2234, 42, 34, '', '0000-00-00 00:00:00'),
(2235, 42, 35, '', '0000-00-00 00:00:00'),
(2236, 42, 36, '', '0000-00-00 00:00:00'),
(2237, 42, 37, '', '0000-00-00 00:00:00'),
(2238, 42, 38, '', '0000-00-00 00:00:00'),
(2239, 42, 39, '', '0000-00-00 00:00:00'),
(2240, 42, 40, '', '0000-00-00 00:00:00'),
(2241, 42, 41, '', '0000-00-00 00:00:00'),
(2242, 42, 42, '', '0000-00-00 00:00:00'),
(2243, 42, 43, '', '0000-00-00 00:00:00'),
(2244, 42, 44, '', '0000-00-00 00:00:00'),
(2245, 42, 45, '', '0000-00-00 00:00:00'),
(2246, 42, 46, '', '0000-00-00 00:00:00'),
(2247, 42, 47, '', '0000-00-00 00:00:00'),
(2248, 42, 48, '', '0000-00-00 00:00:00'),
(2249, 42, 49, '', '0000-00-00 00:00:00'),
(2250, 42, 50, '', '0000-00-00 00:00:00'),
(2251, 42, 51, '', '0000-00-00 00:00:00'),
(2252, 42, 52, '', '0000-00-00 00:00:00'),
(2253, 42, 53, '', '0000-00-00 00:00:00'),
(2254, 42, 55, '', '0000-00-00 00:00:00'),
(2255, 42, 62, '', '0000-00-00 00:00:00'),
(2256, 46, 1, '', '0000-00-00 00:00:00'),
(2257, 46, 2, '', '0000-00-00 00:00:00'),
(2258, 46, 3, '', '0000-00-00 00:00:00'),
(2259, 46, 4, '', '0000-00-00 00:00:00'),
(2260, 46, 5, '', '0000-00-00 00:00:00'),
(2261, 46, 6, '', '0000-00-00 00:00:00'),
(2262, 46, 7, '', '0000-00-00 00:00:00'),
(2263, 46, 8, '', '0000-00-00 00:00:00'),
(2264, 46, 9, '', '0000-00-00 00:00:00'),
(2265, 46, 10, '', '0000-00-00 00:00:00'),
(2266, 46, 11, '', '0000-00-00 00:00:00'),
(2267, 46, 12, '', '0000-00-00 00:00:00'),
(2268, 46, 13, '', '0000-00-00 00:00:00'),
(2269, 46, 14, '', '0000-00-00 00:00:00'),
(2270, 46, 15, '', '0000-00-00 00:00:00'),
(2271, 46, 16, '', '0000-00-00 00:00:00'),
(2272, 46, 17, '', '0000-00-00 00:00:00'),
(2273, 46, 18, '', '0000-00-00 00:00:00'),
(2274, 46, 19, '', '0000-00-00 00:00:00'),
(2275, 46, 20, '', '0000-00-00 00:00:00'),
(2276, 46, 21, '', '0000-00-00 00:00:00'),
(2277, 46, 22, '', '0000-00-00 00:00:00'),
(2278, 46, 23, '', '0000-00-00 00:00:00'),
(2279, 46, 24, '', '0000-00-00 00:00:00'),
(2280, 46, 25, '', '0000-00-00 00:00:00'),
(2281, 46, 26, '', '0000-00-00 00:00:00'),
(2282, 46, 27, '', '0000-00-00 00:00:00'),
(2283, 46, 28, '', '0000-00-00 00:00:00'),
(2284, 46, 29, '', '0000-00-00 00:00:00'),
(2285, 46, 30, '', '0000-00-00 00:00:00'),
(2286, 46, 31, '', '0000-00-00 00:00:00'),
(2287, 46, 32, '', '0000-00-00 00:00:00'),
(2288, 46, 33, '', '0000-00-00 00:00:00'),
(2289, 46, 34, '', '0000-00-00 00:00:00'),
(2290, 46, 35, '', '0000-00-00 00:00:00'),
(2291, 46, 36, '', '0000-00-00 00:00:00'),
(2292, 46, 37, '', '0000-00-00 00:00:00'),
(2293, 46, 38, '', '0000-00-00 00:00:00'),
(2294, 46, 39, '', '0000-00-00 00:00:00'),
(2295, 46, 40, '', '0000-00-00 00:00:00'),
(2296, 46, 41, '', '0000-00-00 00:00:00'),
(2297, 46, 42, '', '0000-00-00 00:00:00'),
(2298, 46, 43, '', '0000-00-00 00:00:00'),
(2299, 46, 44, '', '0000-00-00 00:00:00'),
(2300, 46, 45, '', '0000-00-00 00:00:00'),
(2301, 46, 46, '', '0000-00-00 00:00:00'),
(2302, 46, 47, '', '0000-00-00 00:00:00'),
(2303, 46, 48, '', '0000-00-00 00:00:00'),
(2304, 46, 49, '', '0000-00-00 00:00:00'),
(2305, 46, 50, '', '0000-00-00 00:00:00'),
(2306, 46, 51, '', '0000-00-00 00:00:00'),
(2307, 46, 52, '', '0000-00-00 00:00:00'),
(2308, 46, 53, '', '0000-00-00 00:00:00'),
(2309, 46, 55, '', '0000-00-00 00:00:00'),
(2310, 46, 62, '', '0000-00-00 00:00:00'),
(2311, 47, 1, '', '0000-00-00 00:00:00'),
(2312, 47, 2, '', '0000-00-00 00:00:00'),
(2313, 47, 3, '', '0000-00-00 00:00:00'),
(2314, 47, 4, '', '0000-00-00 00:00:00'),
(2315, 47, 5, '', '0000-00-00 00:00:00'),
(2316, 47, 6, '', '0000-00-00 00:00:00'),
(2317, 47, 7, '', '0000-00-00 00:00:00'),
(2318, 47, 8, '', '0000-00-00 00:00:00'),
(2319, 47, 9, '', '0000-00-00 00:00:00'),
(2320, 47, 10, '', '0000-00-00 00:00:00'),
(2321, 47, 11, '', '0000-00-00 00:00:00'),
(2322, 47, 12, '', '0000-00-00 00:00:00'),
(2323, 47, 13, '', '0000-00-00 00:00:00'),
(2324, 47, 14, '', '0000-00-00 00:00:00'),
(2325, 47, 15, '', '0000-00-00 00:00:00'),
(2326, 47, 16, '', '0000-00-00 00:00:00'),
(2327, 47, 17, '', '0000-00-00 00:00:00'),
(2328, 47, 18, '', '0000-00-00 00:00:00'),
(2329, 47, 19, '', '0000-00-00 00:00:00'),
(2330, 47, 20, '', '0000-00-00 00:00:00'),
(2331, 47, 21, '', '0000-00-00 00:00:00'),
(2332, 47, 22, '', '0000-00-00 00:00:00'),
(2333, 47, 23, '', '0000-00-00 00:00:00'),
(2334, 47, 24, '', '0000-00-00 00:00:00'),
(2335, 47, 25, '', '0000-00-00 00:00:00'),
(2336, 47, 26, '', '0000-00-00 00:00:00'),
(2337, 47, 27, '', '0000-00-00 00:00:00'),
(2338, 47, 28, '', '0000-00-00 00:00:00'),
(2339, 47, 29, '', '0000-00-00 00:00:00'),
(2340, 47, 30, '', '0000-00-00 00:00:00'),
(2341, 47, 31, '', '0000-00-00 00:00:00'),
(2342, 47, 32, '', '0000-00-00 00:00:00'),
(2343, 47, 33, '', '0000-00-00 00:00:00'),
(2344, 47, 34, '', '0000-00-00 00:00:00'),
(2345, 47, 35, '', '0000-00-00 00:00:00'),
(2346, 47, 36, '', '0000-00-00 00:00:00'),
(2347, 47, 37, '', '0000-00-00 00:00:00'),
(2348, 47, 38, '', '0000-00-00 00:00:00'),
(2349, 47, 39, '', '0000-00-00 00:00:00'),
(2350, 47, 40, '', '0000-00-00 00:00:00'),
(2351, 47, 41, '', '0000-00-00 00:00:00'),
(2352, 47, 42, '', '0000-00-00 00:00:00'),
(2353, 47, 43, '', '0000-00-00 00:00:00'),
(2354, 47, 44, '', '0000-00-00 00:00:00'),
(2355, 47, 45, '', '0000-00-00 00:00:00'),
(2356, 47, 46, '', '0000-00-00 00:00:00'),
(2357, 47, 47, '', '0000-00-00 00:00:00'),
(2358, 47, 48, '', '0000-00-00 00:00:00'),
(2359, 47, 49, '', '0000-00-00 00:00:00'),
(2360, 47, 50, '', '0000-00-00 00:00:00'),
(2361, 47, 51, '', '0000-00-00 00:00:00'),
(2362, 47, 52, '', '0000-00-00 00:00:00'),
(2363, 47, 53, '', '0000-00-00 00:00:00'),
(2364, 47, 55, '', '0000-00-00 00:00:00'),
(2365, 47, 62, '', '0000-00-00 00:00:00'),
(2366, 48, 1, '', '0000-00-00 00:00:00'),
(2367, 48, 2, '', '0000-00-00 00:00:00'),
(2368, 48, 3, '', '0000-00-00 00:00:00'),
(2369, 48, 4, '', '0000-00-00 00:00:00'),
(2370, 48, 5, '', '0000-00-00 00:00:00'),
(2371, 48, 6, '', '0000-00-00 00:00:00'),
(2372, 48, 7, '', '0000-00-00 00:00:00'),
(2373, 48, 8, '', '0000-00-00 00:00:00'),
(2374, 48, 9, '', '0000-00-00 00:00:00'),
(2375, 48, 10, '', '0000-00-00 00:00:00'),
(2376, 48, 11, '', '0000-00-00 00:00:00'),
(2377, 48, 12, '', '0000-00-00 00:00:00'),
(2378, 48, 13, '', '0000-00-00 00:00:00'),
(2379, 48, 14, '', '0000-00-00 00:00:00'),
(2380, 48, 15, '', '0000-00-00 00:00:00'),
(2381, 48, 16, '', '0000-00-00 00:00:00'),
(2382, 48, 17, '', '0000-00-00 00:00:00'),
(2383, 48, 18, '', '0000-00-00 00:00:00'),
(2384, 48, 19, '', '0000-00-00 00:00:00'),
(2385, 48, 20, '', '0000-00-00 00:00:00'),
(2386, 48, 21, '', '0000-00-00 00:00:00'),
(2387, 48, 22, '', '0000-00-00 00:00:00'),
(2388, 48, 23, '', '0000-00-00 00:00:00'),
(2389, 48, 24, '', '0000-00-00 00:00:00'),
(2390, 48, 25, '', '0000-00-00 00:00:00'),
(2391, 48, 26, '', '0000-00-00 00:00:00'),
(2392, 48, 27, '', '0000-00-00 00:00:00'),
(2393, 48, 28, '', '0000-00-00 00:00:00'),
(2394, 48, 29, '', '0000-00-00 00:00:00'),
(2395, 48, 30, '', '0000-00-00 00:00:00'),
(2396, 48, 31, '', '0000-00-00 00:00:00'),
(2397, 48, 32, '', '0000-00-00 00:00:00'),
(2398, 48, 33, '', '0000-00-00 00:00:00'),
(2399, 48, 34, '', '0000-00-00 00:00:00'),
(2400, 48, 35, '', '0000-00-00 00:00:00'),
(2401, 48, 36, '', '0000-00-00 00:00:00'),
(2402, 48, 37, '', '0000-00-00 00:00:00'),
(2403, 48, 38, '', '0000-00-00 00:00:00'),
(2404, 48, 39, '', '0000-00-00 00:00:00'),
(2405, 48, 40, '', '0000-00-00 00:00:00'),
(2406, 48, 41, '', '0000-00-00 00:00:00'),
(2407, 48, 42, '', '0000-00-00 00:00:00'),
(2408, 48, 43, '', '0000-00-00 00:00:00'),
(2409, 48, 44, '', '0000-00-00 00:00:00'),
(2410, 48, 45, '', '0000-00-00 00:00:00'),
(2411, 48, 46, '', '0000-00-00 00:00:00'),
(2412, 48, 47, '', '0000-00-00 00:00:00'),
(2413, 48, 48, '', '0000-00-00 00:00:00'),
(2414, 48, 49, '', '0000-00-00 00:00:00'),
(2415, 48, 50, '', '0000-00-00 00:00:00'),
(2416, 48, 51, '', '0000-00-00 00:00:00'),
(2417, 48, 52, '', '0000-00-00 00:00:00'),
(2418, 48, 53, '', '0000-00-00 00:00:00'),
(2419, 48, 55, '', '0000-00-00 00:00:00'),
(2420, 48, 62, '', '0000-00-00 00:00:00'),
(2421, 49, 1, '', '0000-00-00 00:00:00'),
(2422, 49, 2, '', '0000-00-00 00:00:00'),
(2423, 49, 3, '', '0000-00-00 00:00:00'),
(2424, 49, 4, '', '0000-00-00 00:00:00'),
(2425, 49, 5, '', '0000-00-00 00:00:00'),
(2426, 49, 6, '', '0000-00-00 00:00:00'),
(2427, 49, 7, '', '0000-00-00 00:00:00'),
(2428, 49, 8, '', '0000-00-00 00:00:00'),
(2429, 49, 9, '', '0000-00-00 00:00:00'),
(2430, 49, 10, '', '0000-00-00 00:00:00'),
(2431, 49, 11, '', '0000-00-00 00:00:00'),
(2432, 49, 12, '', '0000-00-00 00:00:00'),
(2433, 49, 13, '', '0000-00-00 00:00:00'),
(2434, 49, 14, '', '0000-00-00 00:00:00'),
(2435, 49, 15, '', '0000-00-00 00:00:00'),
(2436, 49, 16, '', '0000-00-00 00:00:00'),
(2437, 49, 17, '', '0000-00-00 00:00:00'),
(2438, 49, 18, '', '0000-00-00 00:00:00'),
(2439, 49, 19, '', '0000-00-00 00:00:00'),
(2440, 49, 20, '', '0000-00-00 00:00:00'),
(2441, 49, 21, '', '0000-00-00 00:00:00'),
(2442, 49, 22, '', '0000-00-00 00:00:00'),
(2443, 49, 23, '', '0000-00-00 00:00:00'),
(2444, 49, 24, '', '0000-00-00 00:00:00'),
(2445, 49, 25, '', '0000-00-00 00:00:00'),
(2446, 49, 26, '', '0000-00-00 00:00:00'),
(2447, 49, 27, '', '0000-00-00 00:00:00'),
(2448, 49, 28, '', '0000-00-00 00:00:00'),
(2449, 49, 29, '', '0000-00-00 00:00:00'),
(2450, 49, 30, '', '0000-00-00 00:00:00'),
(2451, 49, 31, '', '0000-00-00 00:00:00'),
(2452, 49, 32, '', '0000-00-00 00:00:00'),
(2453, 49, 33, '', '0000-00-00 00:00:00'),
(2454, 49, 34, '', '0000-00-00 00:00:00'),
(2455, 49, 35, '', '0000-00-00 00:00:00'),
(2456, 49, 36, '', '0000-00-00 00:00:00'),
(2457, 49, 37, '', '0000-00-00 00:00:00'),
(2458, 49, 38, '', '0000-00-00 00:00:00'),
(2459, 49, 39, '', '0000-00-00 00:00:00'),
(2460, 49, 40, '', '0000-00-00 00:00:00'),
(2461, 49, 41, '', '0000-00-00 00:00:00'),
(2462, 49, 42, '', '0000-00-00 00:00:00'),
(2463, 49, 43, '', '0000-00-00 00:00:00'),
(2464, 49, 44, '', '0000-00-00 00:00:00'),
(2465, 49, 45, '', '0000-00-00 00:00:00'),
(2466, 49, 46, '', '0000-00-00 00:00:00'),
(2467, 49, 47, '', '0000-00-00 00:00:00'),
(2468, 49, 48, '', '0000-00-00 00:00:00'),
(2469, 49, 49, '', '0000-00-00 00:00:00'),
(2470, 49, 50, '', '0000-00-00 00:00:00'),
(2471, 49, 51, '', '0000-00-00 00:00:00'),
(2472, 49, 52, '', '0000-00-00 00:00:00'),
(2473, 49, 53, '', '0000-00-00 00:00:00'),
(2474, 49, 55, '', '0000-00-00 00:00:00'),
(2475, 49, 62, '', '0000-00-00 00:00:00'),
(2476, 53, 56, '', '0000-00-00 00:00:00'),
(2477, 53, 57, '', '0000-00-00 00:00:00'),
(2478, 53, 58, '', '0000-00-00 00:00:00'),
(2479, 53, 59, '', '0000-00-00 00:00:00'),
(2480, 53, 60, '', '0000-00-00 00:00:00'),
(2481, 53, 61, '', '0000-00-00 00:00:00'),
(2482, 54, 56, '', '0000-00-00 00:00:00');
INSERT INTO `menunote` (`MenuNoteID`, `MenuID`, `NoteID`, `ModifiedUser`, `ModifiedDate`) VALUES
(2483, 54, 57, '', '0000-00-00 00:00:00'),
(2484, 54, 58, '', '0000-00-00 00:00:00'),
(2485, 54, 59, '', '0000-00-00 00:00:00'),
(2486, 54, 60, '', '0000-00-00 00:00:00'),
(2487, 54, 61, '', '0000-00-00 00:00:00'),
(2488, 55, 56, '', '0000-00-00 00:00:00'),
(2489, 55, 57, '', '0000-00-00 00:00:00'),
(2490, 55, 58, '', '0000-00-00 00:00:00'),
(2491, 55, 59, '', '0000-00-00 00:00:00'),
(2492, 55, 60, '', '0000-00-00 00:00:00'),
(2493, 55, 61, '', '0000-00-00 00:00:00'),
(2494, 56, 56, '', '0000-00-00 00:00:00'),
(2495, 56, 57, '', '0000-00-00 00:00:00'),
(2496, 56, 58, '', '0000-00-00 00:00:00'),
(2497, 56, 59, '', '0000-00-00 00:00:00'),
(2498, 56, 60, '', '0000-00-00 00:00:00'),
(2499, 56, 61, '', '0000-00-00 00:00:00'),
(2500, 57, 56, '', '0000-00-00 00:00:00'),
(2501, 57, 57, '', '0000-00-00 00:00:00'),
(2502, 57, 58, '', '0000-00-00 00:00:00'),
(2503, 57, 59, '', '0000-00-00 00:00:00'),
(2504, 57, 60, '', '0000-00-00 00:00:00'),
(2505, 57, 61, '', '0000-00-00 00:00:00'),
(2506, 58, 56, '', '0000-00-00 00:00:00'),
(2507, 58, 57, '', '0000-00-00 00:00:00'),
(2508, 58, 58, '', '0000-00-00 00:00:00'),
(2509, 58, 59, '', '0000-00-00 00:00:00'),
(2510, 58, 60, '', '0000-00-00 00:00:00'),
(2511, 58, 61, '', '0000-00-00 00:00:00'),
(2512, 59, 56, '', '0000-00-00 00:00:00'),
(2513, 59, 57, '', '0000-00-00 00:00:00'),
(2514, 59, 58, '', '0000-00-00 00:00:00'),
(2515, 59, 59, '', '0000-00-00 00:00:00'),
(2516, 59, 60, '', '0000-00-00 00:00:00'),
(2517, 59, 61, '', '0000-00-00 00:00:00'),
(2518, 60, 56, '', '0000-00-00 00:00:00'),
(2519, 60, 57, '', '0000-00-00 00:00:00'),
(2520, 60, 58, '', '0000-00-00 00:00:00'),
(2521, 60, 59, '', '0000-00-00 00:00:00'),
(2522, 60, 60, '', '0000-00-00 00:00:00'),
(2523, 60, 61, '', '0000-00-00 00:00:00'),
(2524, 61, 56, '', '0000-00-00 00:00:00'),
(2525, 61, 57, '', '0000-00-00 00:00:00'),
(2526, 61, 58, '', '0000-00-00 00:00:00'),
(2527, 61, 59, '', '0000-00-00 00:00:00'),
(2528, 61, 60, '', '0000-00-00 00:00:00'),
(2529, 61, 61, '', '0000-00-00 00:00:00'),
(2530, 62, 56, '', '0000-00-00 00:00:00'),
(2531, 62, 57, '', '0000-00-00 00:00:00'),
(2532, 62, 58, '', '0000-00-00 00:00:00'),
(2533, 62, 59, '', '0000-00-00 00:00:00'),
(2534, 62, 60, '', '0000-00-00 00:00:00'),
(2535, 62, 61, '', '0000-00-00 00:00:00'),
(2536, 63, 56, '', '0000-00-00 00:00:00'),
(2537, 63, 57, '', '0000-00-00 00:00:00'),
(2538, 63, 58, '', '0000-00-00 00:00:00'),
(2539, 63, 59, '', '0000-00-00 00:00:00'),
(2540, 63, 60, '', '0000-00-00 00:00:00'),
(2541, 63, 61, '', '0000-00-00 00:00:00'),
(2542, 64, 56, '', '0000-00-00 00:00:00'),
(2543, 64, 57, '', '0000-00-00 00:00:00'),
(2544, 64, 58, '', '0000-00-00 00:00:00'),
(2545, 64, 59, '', '0000-00-00 00:00:00'),
(2546, 64, 60, '', '0000-00-00 00:00:00'),
(2547, 64, 61, '', '0000-00-00 00:00:00'),
(2548, 65, 56, '', '0000-00-00 00:00:00'),
(2549, 65, 57, '', '0000-00-00 00:00:00'),
(2550, 65, 58, '', '0000-00-00 00:00:00'),
(2551, 65, 59, '', '0000-00-00 00:00:00'),
(2552, 65, 60, '', '0000-00-00 00:00:00'),
(2553, 65, 61, '', '0000-00-00 00:00:00'),
(2554, 66, 56, '', '0000-00-00 00:00:00'),
(2555, 66, 57, '', '0000-00-00 00:00:00'),
(2556, 66, 58, '', '0000-00-00 00:00:00'),
(2557, 66, 59, '', '0000-00-00 00:00:00'),
(2558, 66, 60, '', '0000-00-00 00:00:00'),
(2559, 66, 61, '', '0000-00-00 00:00:00'),
(2560, 67, 1, '', '0000-00-00 00:00:00'),
(2561, 67, 2, '', '0000-00-00 00:00:00'),
(2562, 67, 3, '', '0000-00-00 00:00:00'),
(2563, 67, 4, '', '0000-00-00 00:00:00'),
(2564, 67, 5, '', '0000-00-00 00:00:00'),
(2565, 67, 6, '', '0000-00-00 00:00:00'),
(2566, 67, 7, '', '0000-00-00 00:00:00'),
(2567, 67, 8, '', '0000-00-00 00:00:00'),
(2568, 67, 9, '', '0000-00-00 00:00:00'),
(2569, 67, 10, '', '0000-00-00 00:00:00'),
(2570, 67, 11, '', '0000-00-00 00:00:00'),
(2571, 67, 12, '', '0000-00-00 00:00:00'),
(2572, 67, 13, '', '0000-00-00 00:00:00'),
(2573, 67, 14, '', '0000-00-00 00:00:00'),
(2574, 67, 15, '', '0000-00-00 00:00:00'),
(2575, 67, 16, '', '0000-00-00 00:00:00'),
(2576, 67, 17, '', '0000-00-00 00:00:00'),
(2577, 67, 18, '', '0000-00-00 00:00:00'),
(2578, 67, 19, '', '0000-00-00 00:00:00'),
(2579, 67, 20, '', '0000-00-00 00:00:00'),
(2580, 67, 21, '', '0000-00-00 00:00:00'),
(2581, 67, 22, '', '0000-00-00 00:00:00'),
(2582, 67, 23, '', '0000-00-00 00:00:00'),
(2583, 67, 24, '', '0000-00-00 00:00:00'),
(2584, 67, 25, '', '0000-00-00 00:00:00'),
(2585, 67, 26, '', '0000-00-00 00:00:00'),
(2586, 67, 27, '', '0000-00-00 00:00:00'),
(2587, 67, 28, '', '0000-00-00 00:00:00'),
(2588, 67, 29, '', '0000-00-00 00:00:00'),
(2589, 67, 30, '', '0000-00-00 00:00:00'),
(2590, 67, 31, '', '0000-00-00 00:00:00'),
(2591, 67, 32, '', '0000-00-00 00:00:00'),
(2592, 67, 33, '', '0000-00-00 00:00:00'),
(2593, 67, 34, '', '0000-00-00 00:00:00'),
(2594, 67, 35, '', '0000-00-00 00:00:00'),
(2595, 67, 36, '', '0000-00-00 00:00:00'),
(2596, 67, 37, '', '0000-00-00 00:00:00'),
(2597, 67, 38, '', '0000-00-00 00:00:00'),
(2598, 67, 39, '', '0000-00-00 00:00:00'),
(2599, 67, 40, '', '0000-00-00 00:00:00'),
(2600, 67, 41, '', '0000-00-00 00:00:00'),
(2601, 67, 42, '', '0000-00-00 00:00:00'),
(2602, 67, 43, '', '0000-00-00 00:00:00'),
(2603, 67, 44, '', '0000-00-00 00:00:00'),
(2604, 67, 45, '', '0000-00-00 00:00:00'),
(2605, 67, 46, '', '0000-00-00 00:00:00'),
(2606, 67, 47, '', '0000-00-00 00:00:00'),
(2607, 67, 48, '', '0000-00-00 00:00:00'),
(2608, 67, 49, '', '0000-00-00 00:00:00'),
(2609, 67, 50, '', '0000-00-00 00:00:00'),
(2610, 67, 51, '', '0000-00-00 00:00:00'),
(2611, 67, 52, '', '0000-00-00 00:00:00'),
(2612, 67, 53, '', '0000-00-00 00:00:00'),
(2613, 67, 55, '', '0000-00-00 00:00:00'),
(2614, 67, 62, '', '0000-00-00 00:00:00'),
(2615, 68, 1, '', '0000-00-00 00:00:00'),
(2616, 68, 2, '', '0000-00-00 00:00:00'),
(2617, 68, 3, '', '0000-00-00 00:00:00'),
(2618, 68, 4, '', '0000-00-00 00:00:00'),
(2619, 68, 5, '', '0000-00-00 00:00:00'),
(2620, 68, 6, '', '0000-00-00 00:00:00'),
(2621, 68, 7, '', '0000-00-00 00:00:00'),
(2622, 68, 8, '', '0000-00-00 00:00:00'),
(2623, 68, 9, '', '0000-00-00 00:00:00'),
(2624, 68, 10, '', '0000-00-00 00:00:00'),
(2625, 68, 11, '', '0000-00-00 00:00:00'),
(2626, 68, 12, '', '0000-00-00 00:00:00'),
(2627, 68, 13, '', '0000-00-00 00:00:00'),
(2628, 68, 14, '', '0000-00-00 00:00:00'),
(2629, 68, 15, '', '0000-00-00 00:00:00'),
(2630, 68, 16, '', '0000-00-00 00:00:00'),
(2631, 68, 17, '', '0000-00-00 00:00:00'),
(2632, 68, 18, '', '0000-00-00 00:00:00'),
(2633, 68, 19, '', '0000-00-00 00:00:00'),
(2634, 68, 20, '', '0000-00-00 00:00:00'),
(2635, 68, 21, '', '0000-00-00 00:00:00'),
(2636, 68, 22, '', '0000-00-00 00:00:00'),
(2637, 68, 23, '', '0000-00-00 00:00:00'),
(2638, 68, 24, '', '0000-00-00 00:00:00'),
(2639, 68, 25, '', '0000-00-00 00:00:00'),
(2640, 68, 26, '', '0000-00-00 00:00:00'),
(2641, 68, 27, '', '0000-00-00 00:00:00'),
(2642, 68, 28, '', '0000-00-00 00:00:00'),
(2643, 68, 29, '', '0000-00-00 00:00:00'),
(2644, 68, 30, '', '0000-00-00 00:00:00'),
(2645, 68, 31, '', '0000-00-00 00:00:00'),
(2646, 68, 32, '', '0000-00-00 00:00:00'),
(2647, 68, 33, '', '0000-00-00 00:00:00'),
(2648, 68, 34, '', '0000-00-00 00:00:00'),
(2649, 68, 35, '', '0000-00-00 00:00:00'),
(2650, 68, 36, '', '0000-00-00 00:00:00'),
(2651, 68, 37, '', '0000-00-00 00:00:00'),
(2652, 68, 38, '', '0000-00-00 00:00:00'),
(2653, 68, 39, '', '0000-00-00 00:00:00'),
(2654, 68, 40, '', '0000-00-00 00:00:00'),
(2655, 68, 41, '', '0000-00-00 00:00:00'),
(2656, 68, 42, '', '0000-00-00 00:00:00'),
(2657, 68, 43, '', '0000-00-00 00:00:00'),
(2658, 68, 44, '', '0000-00-00 00:00:00'),
(2659, 68, 45, '', '0000-00-00 00:00:00'),
(2660, 68, 46, '', '0000-00-00 00:00:00'),
(2661, 68, 47, '', '0000-00-00 00:00:00'),
(2662, 68, 48, '', '0000-00-00 00:00:00'),
(2663, 68, 49, '', '0000-00-00 00:00:00'),
(2664, 68, 50, '', '0000-00-00 00:00:00'),
(2665, 68, 51, '', '0000-00-00 00:00:00'),
(2666, 68, 52, '', '0000-00-00 00:00:00'),
(2667, 68, 53, '', '0000-00-00 00:00:00'),
(2668, 68, 55, '', '0000-00-00 00:00:00'),
(2669, 68, 62, '', '0000-00-00 00:00:00'),
(2670, 69, 1, '', '0000-00-00 00:00:00'),
(2671, 69, 2, '', '0000-00-00 00:00:00'),
(2672, 69, 3, '', '0000-00-00 00:00:00'),
(2673, 69, 4, '', '0000-00-00 00:00:00'),
(2674, 69, 5, '', '0000-00-00 00:00:00'),
(2675, 69, 6, '', '0000-00-00 00:00:00'),
(2676, 69, 7, '', '0000-00-00 00:00:00'),
(2677, 69, 8, '', '0000-00-00 00:00:00'),
(2678, 69, 9, '', '0000-00-00 00:00:00'),
(2679, 69, 10, '', '0000-00-00 00:00:00'),
(2680, 69, 11, '', '0000-00-00 00:00:00'),
(2681, 69, 12, '', '0000-00-00 00:00:00'),
(2682, 69, 13, '', '0000-00-00 00:00:00'),
(2683, 69, 14, '', '0000-00-00 00:00:00'),
(2684, 69, 15, '', '0000-00-00 00:00:00'),
(2685, 69, 16, '', '0000-00-00 00:00:00'),
(2686, 69, 17, '', '0000-00-00 00:00:00'),
(2687, 69, 18, '', '0000-00-00 00:00:00'),
(2688, 69, 19, '', '0000-00-00 00:00:00'),
(2689, 69, 20, '', '0000-00-00 00:00:00'),
(2690, 69, 21, '', '0000-00-00 00:00:00'),
(2691, 69, 22, '', '0000-00-00 00:00:00'),
(2692, 69, 23, '', '0000-00-00 00:00:00'),
(2693, 69, 24, '', '0000-00-00 00:00:00'),
(2694, 69, 25, '', '0000-00-00 00:00:00'),
(2695, 69, 26, '', '0000-00-00 00:00:00'),
(2696, 69, 27, '', '0000-00-00 00:00:00'),
(2697, 69, 28, '', '0000-00-00 00:00:00'),
(2698, 69, 29, '', '0000-00-00 00:00:00'),
(2699, 69, 30, '', '0000-00-00 00:00:00'),
(2700, 69, 31, '', '0000-00-00 00:00:00'),
(2701, 69, 32, '', '0000-00-00 00:00:00'),
(2702, 69, 33, '', '0000-00-00 00:00:00'),
(2703, 69, 34, '', '0000-00-00 00:00:00'),
(2704, 69, 35, '', '0000-00-00 00:00:00'),
(2705, 69, 36, '', '0000-00-00 00:00:00'),
(2706, 69, 37, '', '0000-00-00 00:00:00'),
(2707, 69, 38, '', '0000-00-00 00:00:00'),
(2708, 69, 39, '', '0000-00-00 00:00:00'),
(2709, 69, 40, '', '0000-00-00 00:00:00'),
(2710, 69, 41, '', '0000-00-00 00:00:00'),
(2711, 69, 42, '', '0000-00-00 00:00:00'),
(2712, 69, 43, '', '0000-00-00 00:00:00'),
(2713, 69, 44, '', '0000-00-00 00:00:00'),
(2714, 69, 45, '', '0000-00-00 00:00:00'),
(2715, 69, 46, '', '0000-00-00 00:00:00'),
(2716, 69, 47, '', '0000-00-00 00:00:00'),
(2717, 69, 48, '', '0000-00-00 00:00:00'),
(2718, 69, 49, '', '0000-00-00 00:00:00'),
(2719, 69, 50, '', '0000-00-00 00:00:00'),
(2720, 69, 51, '', '0000-00-00 00:00:00'),
(2721, 69, 52, '', '0000-00-00 00:00:00'),
(2722, 69, 53, '', '0000-00-00 00:00:00'),
(2723, 69, 55, '', '0000-00-00 00:00:00'),
(2724, 69, 62, '', '0000-00-00 00:00:00'),
(2725, 70, 1, '', '0000-00-00 00:00:00'),
(2726, 70, 2, '', '0000-00-00 00:00:00'),
(2727, 70, 3, '', '0000-00-00 00:00:00'),
(2728, 70, 4, '', '0000-00-00 00:00:00'),
(2729, 70, 5, '', '0000-00-00 00:00:00'),
(2730, 70, 6, '', '0000-00-00 00:00:00'),
(2731, 70, 7, '', '0000-00-00 00:00:00'),
(2732, 70, 8, '', '0000-00-00 00:00:00'),
(2733, 70, 9, '', '0000-00-00 00:00:00'),
(2734, 70, 10, '', '0000-00-00 00:00:00'),
(2735, 70, 11, '', '0000-00-00 00:00:00'),
(2736, 70, 12, '', '0000-00-00 00:00:00'),
(2737, 70, 13, '', '0000-00-00 00:00:00'),
(2738, 70, 14, '', '0000-00-00 00:00:00'),
(2739, 70, 15, '', '0000-00-00 00:00:00'),
(2740, 70, 16, '', '0000-00-00 00:00:00'),
(2741, 70, 17, '', '0000-00-00 00:00:00'),
(2742, 70, 18, '', '0000-00-00 00:00:00'),
(2743, 70, 19, '', '0000-00-00 00:00:00'),
(2744, 70, 20, '', '0000-00-00 00:00:00'),
(2745, 70, 21, '', '0000-00-00 00:00:00'),
(2746, 70, 22, '', '0000-00-00 00:00:00'),
(2747, 70, 23, '', '0000-00-00 00:00:00'),
(2748, 70, 24, '', '0000-00-00 00:00:00'),
(2749, 70, 25, '', '0000-00-00 00:00:00'),
(2750, 70, 26, '', '0000-00-00 00:00:00'),
(2751, 70, 27, '', '0000-00-00 00:00:00'),
(2752, 70, 28, '', '0000-00-00 00:00:00'),
(2753, 70, 29, '', '0000-00-00 00:00:00'),
(2754, 70, 30, '', '0000-00-00 00:00:00'),
(2755, 70, 31, '', '0000-00-00 00:00:00'),
(2756, 70, 32, '', '0000-00-00 00:00:00'),
(2757, 70, 33, '', '0000-00-00 00:00:00'),
(2758, 70, 34, '', '0000-00-00 00:00:00'),
(2759, 70, 35, '', '0000-00-00 00:00:00'),
(2760, 70, 36, '', '0000-00-00 00:00:00'),
(2761, 70, 37, '', '0000-00-00 00:00:00'),
(2762, 70, 38, '', '0000-00-00 00:00:00'),
(2763, 70, 39, '', '0000-00-00 00:00:00'),
(2764, 70, 40, '', '0000-00-00 00:00:00'),
(2765, 70, 41, '', '0000-00-00 00:00:00'),
(2766, 70, 42, '', '0000-00-00 00:00:00'),
(2767, 70, 43, '', '0000-00-00 00:00:00'),
(2768, 70, 44, '', '0000-00-00 00:00:00'),
(2769, 70, 45, '', '0000-00-00 00:00:00'),
(2770, 70, 46, '', '0000-00-00 00:00:00'),
(2771, 70, 47, '', '0000-00-00 00:00:00'),
(2772, 70, 48, '', '0000-00-00 00:00:00'),
(2773, 70, 49, '', '0000-00-00 00:00:00'),
(2774, 70, 50, '', '0000-00-00 00:00:00'),
(2775, 70, 51, '', '0000-00-00 00:00:00'),
(2776, 70, 52, '', '0000-00-00 00:00:00'),
(2777, 70, 53, '', '0000-00-00 00:00:00'),
(2778, 70, 55, '', '0000-00-00 00:00:00'),
(2779, 70, 62, '', '0000-00-00 00:00:00'),
(2780, 71, 1, '', '0000-00-00 00:00:00'),
(2781, 71, 2, '', '0000-00-00 00:00:00'),
(2782, 71, 3, '', '0000-00-00 00:00:00'),
(2783, 71, 4, '', '0000-00-00 00:00:00'),
(2784, 71, 5, '', '0000-00-00 00:00:00'),
(2785, 71, 6, '', '0000-00-00 00:00:00'),
(2786, 71, 7, '', '0000-00-00 00:00:00'),
(2787, 71, 8, '', '0000-00-00 00:00:00'),
(2788, 71, 9, '', '0000-00-00 00:00:00'),
(2789, 71, 10, '', '0000-00-00 00:00:00'),
(2790, 71, 11, '', '0000-00-00 00:00:00'),
(2791, 71, 12, '', '0000-00-00 00:00:00'),
(2792, 71, 13, '', '0000-00-00 00:00:00'),
(2793, 71, 14, '', '0000-00-00 00:00:00'),
(2794, 71, 15, '', '0000-00-00 00:00:00'),
(2795, 71, 16, '', '0000-00-00 00:00:00'),
(2796, 71, 17, '', '0000-00-00 00:00:00'),
(2797, 71, 18, '', '0000-00-00 00:00:00'),
(2798, 71, 19, '', '0000-00-00 00:00:00'),
(2799, 71, 20, '', '0000-00-00 00:00:00'),
(2800, 71, 21, '', '0000-00-00 00:00:00'),
(2801, 71, 22, '', '0000-00-00 00:00:00'),
(2802, 71, 23, '', '0000-00-00 00:00:00'),
(2803, 71, 24, '', '0000-00-00 00:00:00'),
(2804, 71, 25, '', '0000-00-00 00:00:00'),
(2805, 71, 26, '', '0000-00-00 00:00:00'),
(2806, 71, 27, '', '0000-00-00 00:00:00'),
(2807, 71, 28, '', '0000-00-00 00:00:00'),
(2808, 71, 29, '', '0000-00-00 00:00:00'),
(2809, 71, 30, '', '0000-00-00 00:00:00'),
(2810, 71, 31, '', '0000-00-00 00:00:00'),
(2811, 71, 32, '', '0000-00-00 00:00:00'),
(2812, 71, 33, '', '0000-00-00 00:00:00'),
(2813, 71, 34, '', '0000-00-00 00:00:00'),
(2814, 71, 35, '', '0000-00-00 00:00:00'),
(2815, 71, 36, '', '0000-00-00 00:00:00'),
(2816, 71, 37, '', '0000-00-00 00:00:00'),
(2817, 71, 38, '', '0000-00-00 00:00:00'),
(2818, 71, 39, '', '0000-00-00 00:00:00'),
(2819, 71, 40, '', '0000-00-00 00:00:00'),
(2820, 71, 41, '', '0000-00-00 00:00:00'),
(2821, 71, 42, '', '0000-00-00 00:00:00'),
(2822, 71, 43, '', '0000-00-00 00:00:00'),
(2823, 71, 44, '', '0000-00-00 00:00:00'),
(2824, 71, 45, '', '0000-00-00 00:00:00'),
(2825, 71, 46, '', '0000-00-00 00:00:00'),
(2826, 71, 47, '', '0000-00-00 00:00:00'),
(2827, 71, 48, '', '0000-00-00 00:00:00'),
(2828, 71, 49, '', '0000-00-00 00:00:00'),
(2829, 71, 50, '', '0000-00-00 00:00:00'),
(2830, 71, 51, '', '0000-00-00 00:00:00'),
(2831, 71, 52, '', '0000-00-00 00:00:00'),
(2832, 71, 53, '', '0000-00-00 00:00:00'),
(2833, 71, 55, '', '0000-00-00 00:00:00'),
(2834, 71, 62, '', '0000-00-00 00:00:00'),
(2835, 72, 1, '', '0000-00-00 00:00:00'),
(2836, 72, 2, '', '0000-00-00 00:00:00'),
(2837, 72, 3, '', '0000-00-00 00:00:00'),
(2838, 72, 4, '', '0000-00-00 00:00:00'),
(2839, 72, 5, '', '0000-00-00 00:00:00'),
(2840, 72, 6, '', '0000-00-00 00:00:00'),
(2841, 72, 7, '', '0000-00-00 00:00:00'),
(2842, 72, 8, '', '0000-00-00 00:00:00'),
(2843, 72, 9, '', '0000-00-00 00:00:00'),
(2844, 72, 10, '', '0000-00-00 00:00:00'),
(2845, 72, 11, '', '0000-00-00 00:00:00'),
(2846, 72, 12, '', '0000-00-00 00:00:00'),
(2847, 72, 13, '', '0000-00-00 00:00:00'),
(2848, 72, 14, '', '0000-00-00 00:00:00'),
(2849, 72, 15, '', '0000-00-00 00:00:00'),
(2850, 72, 16, '', '0000-00-00 00:00:00'),
(2851, 72, 17, '', '0000-00-00 00:00:00'),
(2852, 72, 18, '', '0000-00-00 00:00:00'),
(2853, 72, 19, '', '0000-00-00 00:00:00'),
(2854, 72, 20, '', '0000-00-00 00:00:00'),
(2855, 72, 21, '', '0000-00-00 00:00:00'),
(2856, 72, 22, '', '0000-00-00 00:00:00'),
(2857, 72, 23, '', '0000-00-00 00:00:00'),
(2858, 72, 24, '', '0000-00-00 00:00:00'),
(2859, 72, 25, '', '0000-00-00 00:00:00'),
(2860, 72, 26, '', '0000-00-00 00:00:00'),
(2861, 72, 27, '', '0000-00-00 00:00:00'),
(2862, 72, 28, '', '0000-00-00 00:00:00'),
(2863, 72, 29, '', '0000-00-00 00:00:00'),
(2864, 72, 30, '', '0000-00-00 00:00:00'),
(2865, 72, 31, '', '0000-00-00 00:00:00'),
(2866, 72, 32, '', '0000-00-00 00:00:00'),
(2867, 72, 33, '', '0000-00-00 00:00:00'),
(2868, 72, 34, '', '0000-00-00 00:00:00'),
(2869, 72, 35, '', '0000-00-00 00:00:00'),
(2870, 72, 36, '', '0000-00-00 00:00:00'),
(2871, 72, 37, '', '0000-00-00 00:00:00'),
(2872, 72, 38, '', '0000-00-00 00:00:00'),
(2873, 72, 39, '', '0000-00-00 00:00:00'),
(2874, 72, 40, '', '0000-00-00 00:00:00'),
(2875, 72, 41, '', '0000-00-00 00:00:00'),
(2876, 72, 42, '', '0000-00-00 00:00:00'),
(2877, 72, 43, '', '0000-00-00 00:00:00'),
(2878, 72, 44, '', '0000-00-00 00:00:00'),
(2879, 72, 45, '', '0000-00-00 00:00:00'),
(2880, 72, 46, '', '0000-00-00 00:00:00'),
(2881, 72, 47, '', '0000-00-00 00:00:00'),
(2882, 72, 48, '', '0000-00-00 00:00:00'),
(2883, 72, 49, '', '0000-00-00 00:00:00'),
(2884, 72, 50, '', '0000-00-00 00:00:00'),
(2885, 72, 51, '', '0000-00-00 00:00:00'),
(2886, 72, 52, '', '0000-00-00 00:00:00'),
(2887, 72, 53, '', '0000-00-00 00:00:00'),
(2888, 72, 55, '', '0000-00-00 00:00:00'),
(2889, 72, 62, '', '0000-00-00 00:00:00'),
(2890, 73, 1, '', '0000-00-00 00:00:00'),
(2891, 73, 2, '', '0000-00-00 00:00:00'),
(2892, 73, 3, '', '0000-00-00 00:00:00'),
(2893, 73, 4, '', '0000-00-00 00:00:00'),
(2894, 73, 5, '', '0000-00-00 00:00:00'),
(2895, 73, 6, '', '0000-00-00 00:00:00'),
(2896, 73, 7, '', '0000-00-00 00:00:00'),
(2897, 73, 8, '', '0000-00-00 00:00:00'),
(2898, 73, 9, '', '0000-00-00 00:00:00'),
(2899, 73, 10, '', '0000-00-00 00:00:00'),
(2900, 73, 11, '', '0000-00-00 00:00:00'),
(2901, 73, 12, '', '0000-00-00 00:00:00'),
(2902, 73, 13, '', '0000-00-00 00:00:00'),
(2903, 73, 14, '', '0000-00-00 00:00:00'),
(2904, 73, 15, '', '0000-00-00 00:00:00'),
(2905, 73, 16, '', '0000-00-00 00:00:00'),
(2906, 73, 17, '', '0000-00-00 00:00:00'),
(2907, 73, 18, '', '0000-00-00 00:00:00'),
(2908, 73, 19, '', '0000-00-00 00:00:00'),
(2909, 73, 20, '', '0000-00-00 00:00:00'),
(2910, 73, 21, '', '0000-00-00 00:00:00'),
(2911, 73, 22, '', '0000-00-00 00:00:00'),
(2912, 73, 23, '', '0000-00-00 00:00:00'),
(2913, 73, 24, '', '0000-00-00 00:00:00'),
(2914, 73, 25, '', '0000-00-00 00:00:00'),
(2915, 73, 26, '', '0000-00-00 00:00:00'),
(2916, 73, 27, '', '0000-00-00 00:00:00'),
(2917, 73, 28, '', '0000-00-00 00:00:00'),
(2918, 73, 29, '', '0000-00-00 00:00:00'),
(2919, 73, 30, '', '0000-00-00 00:00:00'),
(2920, 73, 31, '', '0000-00-00 00:00:00'),
(2921, 73, 32, '', '0000-00-00 00:00:00'),
(2922, 73, 33, '', '0000-00-00 00:00:00'),
(2923, 73, 34, '', '0000-00-00 00:00:00'),
(2924, 73, 35, '', '0000-00-00 00:00:00'),
(2925, 73, 36, '', '0000-00-00 00:00:00'),
(2926, 73, 37, '', '0000-00-00 00:00:00'),
(2927, 73, 38, '', '0000-00-00 00:00:00'),
(2928, 73, 39, '', '0000-00-00 00:00:00'),
(2929, 73, 40, '', '0000-00-00 00:00:00'),
(2930, 73, 41, '', '0000-00-00 00:00:00'),
(2931, 73, 42, '', '0000-00-00 00:00:00'),
(2932, 73, 43, '', '0000-00-00 00:00:00'),
(2933, 73, 44, '', '0000-00-00 00:00:00'),
(2934, 73, 45, '', '0000-00-00 00:00:00'),
(2935, 73, 46, '', '0000-00-00 00:00:00'),
(2936, 73, 47, '', '0000-00-00 00:00:00'),
(2937, 73, 48, '', '0000-00-00 00:00:00'),
(2938, 73, 49, '', '0000-00-00 00:00:00'),
(2939, 73, 50, '', '0000-00-00 00:00:00'),
(2940, 73, 51, '', '0000-00-00 00:00:00'),
(2941, 73, 52, '', '0000-00-00 00:00:00'),
(2942, 73, 53, '', '0000-00-00 00:00:00'),
(2943, 73, 55, '', '0000-00-00 00:00:00'),
(2944, 73, 62, '', '0000-00-00 00:00:00'),
(2945, 74, 1, '', '0000-00-00 00:00:00'),
(2946, 74, 2, '', '0000-00-00 00:00:00'),
(2947, 74, 3, '', '0000-00-00 00:00:00'),
(2948, 74, 4, '', '0000-00-00 00:00:00'),
(2949, 74, 5, '', '0000-00-00 00:00:00'),
(2950, 74, 6, '', '0000-00-00 00:00:00'),
(2951, 74, 7, '', '0000-00-00 00:00:00'),
(2952, 74, 8, '', '0000-00-00 00:00:00'),
(2953, 74, 9, '', '0000-00-00 00:00:00'),
(2954, 74, 10, '', '0000-00-00 00:00:00'),
(2955, 74, 11, '', '0000-00-00 00:00:00'),
(2956, 74, 12, '', '0000-00-00 00:00:00'),
(2957, 74, 13, '', '0000-00-00 00:00:00'),
(2958, 74, 14, '', '0000-00-00 00:00:00'),
(2959, 74, 15, '', '0000-00-00 00:00:00'),
(2960, 74, 16, '', '0000-00-00 00:00:00'),
(2961, 74, 17, '', '0000-00-00 00:00:00'),
(2962, 74, 18, '', '0000-00-00 00:00:00'),
(2963, 74, 19, '', '0000-00-00 00:00:00'),
(2964, 74, 20, '', '0000-00-00 00:00:00'),
(2965, 74, 21, '', '0000-00-00 00:00:00'),
(2966, 74, 22, '', '0000-00-00 00:00:00'),
(2967, 74, 23, '', '0000-00-00 00:00:00'),
(2968, 74, 24, '', '0000-00-00 00:00:00'),
(2969, 74, 25, '', '0000-00-00 00:00:00'),
(2970, 74, 26, '', '0000-00-00 00:00:00'),
(2971, 74, 27, '', '0000-00-00 00:00:00'),
(2972, 74, 28, '', '0000-00-00 00:00:00'),
(2973, 74, 29, '', '0000-00-00 00:00:00'),
(2974, 74, 30, '', '0000-00-00 00:00:00'),
(2975, 74, 31, '', '0000-00-00 00:00:00'),
(2976, 74, 32, '', '0000-00-00 00:00:00'),
(2977, 74, 33, '', '0000-00-00 00:00:00'),
(2978, 74, 34, '', '0000-00-00 00:00:00'),
(2979, 74, 35, '', '0000-00-00 00:00:00'),
(2980, 74, 36, '', '0000-00-00 00:00:00'),
(2981, 74, 37, '', '0000-00-00 00:00:00'),
(2982, 74, 38, '', '0000-00-00 00:00:00'),
(2983, 74, 39, '', '0000-00-00 00:00:00'),
(2984, 74, 40, '', '0000-00-00 00:00:00'),
(2985, 74, 41, '', '0000-00-00 00:00:00'),
(2986, 74, 42, '', '0000-00-00 00:00:00'),
(2987, 74, 43, '', '0000-00-00 00:00:00'),
(2988, 74, 44, '', '0000-00-00 00:00:00'),
(2989, 74, 45, '', '0000-00-00 00:00:00'),
(2990, 74, 46, '', '0000-00-00 00:00:00'),
(2991, 74, 47, '', '0000-00-00 00:00:00'),
(2992, 74, 48, '', '0000-00-00 00:00:00'),
(2993, 74, 49, '', '0000-00-00 00:00:00'),
(2994, 74, 50, '', '0000-00-00 00:00:00'),
(2995, 74, 51, '', '0000-00-00 00:00:00'),
(2996, 74, 52, '', '0000-00-00 00:00:00'),
(2997, 74, 53, '', '0000-00-00 00:00:00'),
(2998, 74, 55, '', '0000-00-00 00:00:00'),
(2999, 74, 62, '', '0000-00-00 00:00:00'),
(3000, 75, 1, '', '0000-00-00 00:00:00'),
(3001, 75, 2, '', '0000-00-00 00:00:00'),
(3002, 75, 3, '', '0000-00-00 00:00:00'),
(3003, 75, 4, '', '0000-00-00 00:00:00'),
(3004, 75, 5, '', '0000-00-00 00:00:00'),
(3005, 75, 6, '', '0000-00-00 00:00:00'),
(3006, 75, 7, '', '0000-00-00 00:00:00'),
(3007, 75, 8, '', '0000-00-00 00:00:00'),
(3008, 75, 9, '', '0000-00-00 00:00:00'),
(3009, 75, 10, '', '0000-00-00 00:00:00'),
(3010, 75, 11, '', '0000-00-00 00:00:00'),
(3011, 75, 12, '', '0000-00-00 00:00:00'),
(3012, 75, 13, '', '0000-00-00 00:00:00'),
(3013, 75, 14, '', '0000-00-00 00:00:00'),
(3014, 75, 15, '', '0000-00-00 00:00:00'),
(3015, 75, 16, '', '0000-00-00 00:00:00'),
(3016, 75, 17, '', '0000-00-00 00:00:00'),
(3017, 75, 18, '', '0000-00-00 00:00:00'),
(3018, 75, 19, '', '0000-00-00 00:00:00'),
(3019, 75, 20, '', '0000-00-00 00:00:00'),
(3020, 75, 21, '', '0000-00-00 00:00:00'),
(3021, 75, 22, '', '0000-00-00 00:00:00'),
(3022, 75, 23, '', '0000-00-00 00:00:00'),
(3023, 75, 24, '', '0000-00-00 00:00:00'),
(3024, 75, 25, '', '0000-00-00 00:00:00'),
(3025, 75, 26, '', '0000-00-00 00:00:00'),
(3026, 75, 27, '', '0000-00-00 00:00:00'),
(3027, 75, 28, '', '0000-00-00 00:00:00'),
(3028, 75, 29, '', '0000-00-00 00:00:00'),
(3029, 75, 30, '', '0000-00-00 00:00:00'),
(3030, 75, 31, '', '0000-00-00 00:00:00'),
(3031, 75, 32, '', '0000-00-00 00:00:00'),
(3032, 75, 33, '', '0000-00-00 00:00:00'),
(3033, 75, 34, '', '0000-00-00 00:00:00'),
(3034, 75, 35, '', '0000-00-00 00:00:00'),
(3035, 75, 36, '', '0000-00-00 00:00:00'),
(3036, 75, 37, '', '0000-00-00 00:00:00'),
(3037, 75, 38, '', '0000-00-00 00:00:00'),
(3038, 75, 39, '', '0000-00-00 00:00:00'),
(3039, 75, 40, '', '0000-00-00 00:00:00'),
(3040, 75, 41, '', '0000-00-00 00:00:00'),
(3041, 75, 42, '', '0000-00-00 00:00:00'),
(3042, 75, 43, '', '0000-00-00 00:00:00'),
(3043, 75, 44, '', '0000-00-00 00:00:00'),
(3044, 75, 45, '', '0000-00-00 00:00:00'),
(3045, 75, 46, '', '0000-00-00 00:00:00'),
(3046, 75, 47, '', '0000-00-00 00:00:00'),
(3047, 75, 48, '', '0000-00-00 00:00:00'),
(3048, 75, 49, '', '0000-00-00 00:00:00'),
(3049, 75, 50, '', '0000-00-00 00:00:00'),
(3050, 75, 51, '', '0000-00-00 00:00:00'),
(3051, 75, 52, '', '0000-00-00 00:00:00'),
(3052, 75, 53, '', '0000-00-00 00:00:00'),
(3053, 75, 55, '', '0000-00-00 00:00:00'),
(3054, 75, 62, '', '0000-00-00 00:00:00'),
(3055, 77, 56, '', '0000-00-00 00:00:00'),
(3056, 77, 57, '', '0000-00-00 00:00:00'),
(3057, 77, 58, '', '0000-00-00 00:00:00'),
(3058, 77, 59, '', '0000-00-00 00:00:00'),
(3059, 77, 60, '', '0000-00-00 00:00:00'),
(3060, 77, 61, '', '0000-00-00 00:00:00'),
(3061, 78, 56, '', '0000-00-00 00:00:00'),
(3062, 78, 57, '', '0000-00-00 00:00:00'),
(3063, 78, 58, '', '0000-00-00 00:00:00'),
(3064, 78, 59, '', '0000-00-00 00:00:00'),
(3065, 78, 60, '', '0000-00-00 00:00:00'),
(3066, 78, 61, '', '0000-00-00 00:00:00'),
(3067, 79, 1, '', '0000-00-00 00:00:00'),
(3068, 79, 2, '', '0000-00-00 00:00:00'),
(3069, 79, 3, '', '0000-00-00 00:00:00'),
(3070, 79, 4, '', '0000-00-00 00:00:00'),
(3071, 79, 5, '', '0000-00-00 00:00:00'),
(3072, 79, 6, '', '0000-00-00 00:00:00'),
(3073, 79, 7, '', '0000-00-00 00:00:00'),
(3074, 79, 8, '', '0000-00-00 00:00:00'),
(3075, 79, 9, '', '0000-00-00 00:00:00'),
(3076, 79, 10, '', '0000-00-00 00:00:00'),
(3077, 79, 11, '', '0000-00-00 00:00:00'),
(3078, 79, 12, '', '0000-00-00 00:00:00'),
(3079, 79, 13, '', '0000-00-00 00:00:00'),
(3080, 79, 14, '', '0000-00-00 00:00:00'),
(3081, 79, 15, '', '0000-00-00 00:00:00'),
(3082, 79, 16, '', '0000-00-00 00:00:00'),
(3083, 79, 17, '', '0000-00-00 00:00:00'),
(3084, 79, 18, '', '0000-00-00 00:00:00'),
(3085, 79, 19, '', '0000-00-00 00:00:00'),
(3086, 79, 20, '', '0000-00-00 00:00:00'),
(3087, 79, 21, '', '0000-00-00 00:00:00'),
(3088, 79, 22, '', '0000-00-00 00:00:00'),
(3089, 79, 23, '', '0000-00-00 00:00:00'),
(3090, 79, 24, '', '0000-00-00 00:00:00'),
(3091, 79, 25, '', '0000-00-00 00:00:00'),
(3092, 79, 26, '', '0000-00-00 00:00:00'),
(3093, 79, 27, '', '0000-00-00 00:00:00'),
(3094, 79, 28, '', '0000-00-00 00:00:00'),
(3095, 79, 29, '', '0000-00-00 00:00:00'),
(3096, 79, 30, '', '0000-00-00 00:00:00'),
(3097, 79, 31, '', '0000-00-00 00:00:00'),
(3098, 79, 32, '', '0000-00-00 00:00:00'),
(3099, 79, 33, '', '0000-00-00 00:00:00'),
(3100, 79, 34, '', '0000-00-00 00:00:00'),
(3101, 79, 35, '', '0000-00-00 00:00:00'),
(3102, 79, 36, '', '0000-00-00 00:00:00'),
(3103, 79, 37, '', '0000-00-00 00:00:00'),
(3104, 79, 38, '', '0000-00-00 00:00:00'),
(3105, 79, 39, '', '0000-00-00 00:00:00'),
(3106, 79, 40, '', '0000-00-00 00:00:00'),
(3107, 79, 41, '', '0000-00-00 00:00:00'),
(3108, 79, 42, '', '0000-00-00 00:00:00'),
(3109, 79, 43, '', '0000-00-00 00:00:00'),
(3110, 79, 44, '', '0000-00-00 00:00:00'),
(3111, 79, 45, '', '0000-00-00 00:00:00'),
(3112, 79, 46, '', '0000-00-00 00:00:00'),
(3113, 79, 47, '', '0000-00-00 00:00:00'),
(3114, 79, 48, '', '0000-00-00 00:00:00'),
(3115, 79, 49, '', '0000-00-00 00:00:00'),
(3116, 79, 50, '', '0000-00-00 00:00:00'),
(3117, 79, 51, '', '0000-00-00 00:00:00'),
(3118, 79, 52, '', '0000-00-00 00:00:00'),
(3119, 79, 53, '', '0000-00-00 00:00:00'),
(3120, 79, 55, '', '0000-00-00 00:00:00'),
(3121, 79, 62, '', '0000-00-00 00:00:00'),
(3122, 80, 56, '', '0000-00-00 00:00:00'),
(3123, 80, 57, '', '0000-00-00 00:00:00'),
(3124, 80, 58, '', '0000-00-00 00:00:00'),
(3125, 80, 59, '', '0000-00-00 00:00:00'),
(3126, 80, 60, '', '0000-00-00 00:00:00'),
(3127, 80, 61, '', '0000-00-00 00:00:00'),
(3128, 87, 1, '', '0000-00-00 00:00:00'),
(3129, 87, 2, '', '0000-00-00 00:00:00'),
(3130, 87, 3, '', '0000-00-00 00:00:00'),
(3131, 87, 4, '', '0000-00-00 00:00:00'),
(3132, 87, 5, '', '0000-00-00 00:00:00'),
(3133, 87, 6, '', '0000-00-00 00:00:00'),
(3134, 87, 7, '', '0000-00-00 00:00:00'),
(3135, 87, 8, '', '0000-00-00 00:00:00'),
(3136, 87, 9, '', '0000-00-00 00:00:00'),
(3137, 87, 10, '', '0000-00-00 00:00:00'),
(3138, 87, 11, '', '0000-00-00 00:00:00'),
(3139, 87, 12, '', '0000-00-00 00:00:00'),
(3140, 87, 13, '', '0000-00-00 00:00:00'),
(3141, 87, 14, '', '0000-00-00 00:00:00'),
(3142, 87, 15, '', '0000-00-00 00:00:00'),
(3143, 87, 16, '', '0000-00-00 00:00:00'),
(3144, 87, 17, '', '0000-00-00 00:00:00'),
(3145, 87, 18, '', '0000-00-00 00:00:00'),
(3146, 87, 19, '', '0000-00-00 00:00:00'),
(3147, 87, 20, '', '0000-00-00 00:00:00'),
(3148, 87, 21, '', '0000-00-00 00:00:00'),
(3149, 87, 22, '', '0000-00-00 00:00:00'),
(3150, 87, 23, '', '0000-00-00 00:00:00'),
(3151, 87, 24, '', '0000-00-00 00:00:00'),
(3152, 87, 25, '', '0000-00-00 00:00:00'),
(3153, 87, 26, '', '0000-00-00 00:00:00'),
(3154, 87, 27, '', '0000-00-00 00:00:00'),
(3155, 87, 28, '', '0000-00-00 00:00:00'),
(3156, 87, 29, '', '0000-00-00 00:00:00'),
(3157, 87, 30, '', '0000-00-00 00:00:00'),
(3158, 87, 31, '', '0000-00-00 00:00:00'),
(3159, 87, 32, '', '0000-00-00 00:00:00'),
(3160, 87, 33, '', '0000-00-00 00:00:00'),
(3161, 87, 34, '', '0000-00-00 00:00:00'),
(3162, 87, 35, '', '0000-00-00 00:00:00'),
(3163, 87, 36, '', '0000-00-00 00:00:00'),
(3164, 87, 37, '', '0000-00-00 00:00:00'),
(3165, 87, 38, '', '0000-00-00 00:00:00'),
(3166, 87, 39, '', '0000-00-00 00:00:00'),
(3167, 87, 40, '', '0000-00-00 00:00:00'),
(3168, 87, 41, '', '0000-00-00 00:00:00'),
(3169, 87, 42, '', '0000-00-00 00:00:00'),
(3170, 87, 43, '', '0000-00-00 00:00:00'),
(3171, 87, 44, '', '0000-00-00 00:00:00'),
(3172, 87, 45, '', '0000-00-00 00:00:00'),
(3173, 87, 46, '', '0000-00-00 00:00:00'),
(3174, 87, 47, '', '0000-00-00 00:00:00'),
(3175, 87, 48, '', '0000-00-00 00:00:00'),
(3176, 87, 49, '', '0000-00-00 00:00:00'),
(3177, 87, 50, '', '0000-00-00 00:00:00'),
(3178, 87, 51, '', '0000-00-00 00:00:00'),
(3179, 87, 52, '', '0000-00-00 00:00:00'),
(3180, 87, 53, '', '0000-00-00 00:00:00'),
(3181, 87, 55, '', '0000-00-00 00:00:00'),
(3182, 87, 62, '', '0000-00-00 00:00:00'),
(3183, 88, 1, '', '0000-00-00 00:00:00'),
(3184, 88, 2, '', '0000-00-00 00:00:00'),
(3185, 88, 3, '', '0000-00-00 00:00:00'),
(3186, 88, 4, '', '0000-00-00 00:00:00'),
(3187, 88, 5, '', '0000-00-00 00:00:00'),
(3188, 88, 6, '', '0000-00-00 00:00:00'),
(3189, 88, 7, '', '0000-00-00 00:00:00'),
(3190, 88, 8, '', '0000-00-00 00:00:00'),
(3191, 88, 9, '', '0000-00-00 00:00:00'),
(3192, 88, 10, '', '0000-00-00 00:00:00'),
(3193, 88, 11, '', '0000-00-00 00:00:00'),
(3194, 88, 12, '', '0000-00-00 00:00:00'),
(3195, 88, 13, '', '0000-00-00 00:00:00'),
(3196, 88, 14, '', '0000-00-00 00:00:00'),
(3197, 88, 15, '', '0000-00-00 00:00:00'),
(3198, 88, 16, '', '0000-00-00 00:00:00'),
(3199, 88, 17, '', '0000-00-00 00:00:00'),
(3200, 88, 18, '', '0000-00-00 00:00:00'),
(3201, 88, 19, '', '0000-00-00 00:00:00'),
(3202, 88, 20, '', '0000-00-00 00:00:00'),
(3203, 88, 21, '', '0000-00-00 00:00:00'),
(3204, 88, 22, '', '0000-00-00 00:00:00'),
(3205, 88, 23, '', '0000-00-00 00:00:00'),
(3206, 88, 24, '', '0000-00-00 00:00:00'),
(3207, 88, 25, '', '0000-00-00 00:00:00'),
(3208, 88, 26, '', '0000-00-00 00:00:00'),
(3209, 88, 27, '', '0000-00-00 00:00:00'),
(3210, 88, 28, '', '0000-00-00 00:00:00'),
(3211, 88, 29, '', '0000-00-00 00:00:00'),
(3212, 88, 30, '', '0000-00-00 00:00:00'),
(3213, 88, 31, '', '0000-00-00 00:00:00'),
(3214, 88, 32, '', '0000-00-00 00:00:00'),
(3215, 88, 33, '', '0000-00-00 00:00:00'),
(3216, 88, 34, '', '0000-00-00 00:00:00'),
(3217, 88, 35, '', '0000-00-00 00:00:00'),
(3218, 88, 36, '', '0000-00-00 00:00:00'),
(3219, 88, 37, '', '0000-00-00 00:00:00'),
(3220, 88, 38, '', '0000-00-00 00:00:00'),
(3221, 88, 39, '', '0000-00-00 00:00:00'),
(3222, 88, 40, '', '0000-00-00 00:00:00'),
(3223, 88, 41, '', '0000-00-00 00:00:00'),
(3224, 88, 42, '', '0000-00-00 00:00:00'),
(3225, 88, 43, '', '0000-00-00 00:00:00'),
(3226, 88, 44, '', '0000-00-00 00:00:00'),
(3227, 88, 45, '', '0000-00-00 00:00:00'),
(3228, 88, 46, '', '0000-00-00 00:00:00'),
(3229, 88, 47, '', '0000-00-00 00:00:00'),
(3230, 88, 48, '', '0000-00-00 00:00:00'),
(3231, 88, 49, '', '0000-00-00 00:00:00'),
(3232, 88, 50, '', '0000-00-00 00:00:00'),
(3233, 88, 51, '', '0000-00-00 00:00:00'),
(3234, 88, 52, '', '0000-00-00 00:00:00'),
(3235, 88, 53, '', '0000-00-00 00:00:00'),
(3236, 88, 55, '', '0000-00-00 00:00:00'),
(3237, 88, 62, '', '0000-00-00 00:00:00'),
(3238, 89, 1, '', '0000-00-00 00:00:00'),
(3239, 89, 2, '', '0000-00-00 00:00:00'),
(3240, 89, 3, '', '0000-00-00 00:00:00'),
(3241, 89, 4, '', '0000-00-00 00:00:00'),
(3242, 89, 5, '', '0000-00-00 00:00:00'),
(3243, 89, 6, '', '0000-00-00 00:00:00'),
(3244, 89, 7, '', '0000-00-00 00:00:00'),
(3245, 89, 8, '', '0000-00-00 00:00:00'),
(3246, 89, 9, '', '0000-00-00 00:00:00'),
(3247, 89, 10, '', '0000-00-00 00:00:00'),
(3248, 89, 11, '', '0000-00-00 00:00:00'),
(3249, 89, 12, '', '0000-00-00 00:00:00'),
(3250, 89, 13, '', '0000-00-00 00:00:00'),
(3251, 89, 14, '', '0000-00-00 00:00:00'),
(3252, 89, 15, '', '0000-00-00 00:00:00'),
(3253, 89, 16, '', '0000-00-00 00:00:00'),
(3254, 89, 17, '', '0000-00-00 00:00:00'),
(3255, 89, 18, '', '0000-00-00 00:00:00'),
(3256, 89, 19, '', '0000-00-00 00:00:00'),
(3257, 89, 20, '', '0000-00-00 00:00:00'),
(3258, 89, 21, '', '0000-00-00 00:00:00'),
(3259, 89, 22, '', '0000-00-00 00:00:00'),
(3260, 89, 23, '', '0000-00-00 00:00:00'),
(3261, 89, 24, '', '0000-00-00 00:00:00'),
(3262, 89, 25, '', '0000-00-00 00:00:00'),
(3263, 89, 26, '', '0000-00-00 00:00:00'),
(3264, 89, 27, '', '0000-00-00 00:00:00'),
(3265, 89, 28, '', '0000-00-00 00:00:00'),
(3266, 89, 29, '', '0000-00-00 00:00:00'),
(3267, 89, 30, '', '0000-00-00 00:00:00'),
(3268, 89, 31, '', '0000-00-00 00:00:00'),
(3269, 89, 32, '', '0000-00-00 00:00:00'),
(3270, 89, 33, '', '0000-00-00 00:00:00'),
(3271, 89, 34, '', '0000-00-00 00:00:00'),
(3272, 89, 35, '', '0000-00-00 00:00:00'),
(3273, 89, 36, '', '0000-00-00 00:00:00'),
(3274, 89, 37, '', '0000-00-00 00:00:00'),
(3275, 89, 38, '', '0000-00-00 00:00:00'),
(3276, 89, 39, '', '0000-00-00 00:00:00'),
(3277, 89, 40, '', '0000-00-00 00:00:00'),
(3278, 89, 41, '', '0000-00-00 00:00:00'),
(3279, 89, 42, '', '0000-00-00 00:00:00'),
(3280, 89, 43, '', '0000-00-00 00:00:00'),
(3281, 89, 44, '', '0000-00-00 00:00:00'),
(3282, 89, 45, '', '0000-00-00 00:00:00'),
(3283, 89, 46, '', '0000-00-00 00:00:00'),
(3284, 89, 47, '', '0000-00-00 00:00:00'),
(3285, 89, 48, '', '0000-00-00 00:00:00'),
(3286, 89, 49, '', '0000-00-00 00:00:00'),
(3287, 89, 50, '', '0000-00-00 00:00:00'),
(3288, 89, 51, '', '0000-00-00 00:00:00'),
(3289, 89, 52, '', '0000-00-00 00:00:00'),
(3290, 89, 53, '', '0000-00-00 00:00:00'),
(3291, 89, 55, '', '0000-00-00 00:00:00'),
(3292, 89, 62, '', '0000-00-00 00:00:00'),
(3293, 90, 1, '', '0000-00-00 00:00:00'),
(3294, 90, 2, '', '0000-00-00 00:00:00'),
(3295, 90, 3, '', '0000-00-00 00:00:00'),
(3296, 90, 4, '', '0000-00-00 00:00:00'),
(3297, 90, 5, '', '0000-00-00 00:00:00'),
(3298, 90, 6, '', '0000-00-00 00:00:00'),
(3299, 90, 7, '', '0000-00-00 00:00:00'),
(3300, 90, 8, '', '0000-00-00 00:00:00'),
(3301, 90, 9, '', '0000-00-00 00:00:00'),
(3302, 90, 10, '', '0000-00-00 00:00:00'),
(3303, 90, 11, '', '0000-00-00 00:00:00'),
(3304, 90, 12, '', '0000-00-00 00:00:00'),
(3305, 90, 13, '', '0000-00-00 00:00:00'),
(3306, 90, 14, '', '0000-00-00 00:00:00'),
(3307, 90, 15, '', '0000-00-00 00:00:00'),
(3308, 90, 16, '', '0000-00-00 00:00:00'),
(3309, 90, 17, '', '0000-00-00 00:00:00'),
(3310, 90, 18, '', '0000-00-00 00:00:00'),
(3311, 90, 19, '', '0000-00-00 00:00:00'),
(3312, 90, 20, '', '0000-00-00 00:00:00'),
(3313, 90, 21, '', '0000-00-00 00:00:00'),
(3314, 90, 22, '', '0000-00-00 00:00:00'),
(3315, 90, 23, '', '0000-00-00 00:00:00'),
(3316, 90, 24, '', '0000-00-00 00:00:00'),
(3317, 90, 25, '', '0000-00-00 00:00:00'),
(3318, 90, 26, '', '0000-00-00 00:00:00'),
(3319, 90, 27, '', '0000-00-00 00:00:00'),
(3320, 90, 28, '', '0000-00-00 00:00:00'),
(3321, 90, 29, '', '0000-00-00 00:00:00'),
(3322, 90, 30, '', '0000-00-00 00:00:00'),
(3323, 90, 31, '', '0000-00-00 00:00:00'),
(3324, 90, 32, '', '0000-00-00 00:00:00'),
(3325, 90, 33, '', '0000-00-00 00:00:00'),
(3326, 90, 34, '', '0000-00-00 00:00:00'),
(3327, 90, 35, '', '0000-00-00 00:00:00'),
(3328, 90, 36, '', '0000-00-00 00:00:00'),
(3329, 90, 37, '', '0000-00-00 00:00:00'),
(3330, 90, 38, '', '0000-00-00 00:00:00'),
(3331, 90, 39, '', '0000-00-00 00:00:00'),
(3332, 90, 40, '', '0000-00-00 00:00:00'),
(3333, 90, 41, '', '0000-00-00 00:00:00'),
(3334, 90, 42, '', '0000-00-00 00:00:00'),
(3335, 90, 43, '', '0000-00-00 00:00:00'),
(3336, 90, 44, '', '0000-00-00 00:00:00'),
(3337, 90, 45, '', '0000-00-00 00:00:00'),
(3338, 90, 46, '', '0000-00-00 00:00:00'),
(3339, 90, 47, '', '0000-00-00 00:00:00'),
(3340, 90, 48, '', '0000-00-00 00:00:00'),
(3341, 90, 49, '', '0000-00-00 00:00:00'),
(3342, 90, 50, '', '0000-00-00 00:00:00'),
(3343, 90, 51, '', '0000-00-00 00:00:00'),
(3344, 90, 52, '', '0000-00-00 00:00:00'),
(3345, 90, 53, '', '0000-00-00 00:00:00'),
(3346, 90, 55, '', '0000-00-00 00:00:00'),
(3347, 90, 62, '', '0000-00-00 00:00:00'),
(3348, 91, 63, '', '0000-00-00 00:00:00'),
(3349, 91, 64, '', '0000-00-00 00:00:00'),
(3350, 92, 63, '', '0000-00-00 00:00:00'),
(3351, 92, 64, '', '0000-00-00 00:00:00'),
(3352, 93, 63, '', '0000-00-00 00:00:00'),
(3353, 93, 64, '', '0000-00-00 00:00:00'),
(3354, 94, 63, '', '0000-00-00 00:00:00'),
(3355, 94, 64, '', '0000-00-00 00:00:00'),
(3356, 95, 63, '', '0000-00-00 00:00:00'),
(3357, 95, 64, '', '0000-00-00 00:00:00'),
(3358, 96, 63, '', '0000-00-00 00:00:00'),
(3359, 96, 64, '', '0000-00-00 00:00:00'),
(3360, 97, 63, '', '0000-00-00 00:00:00'),
(3361, 97, 64, '', '0000-00-00 00:00:00'),
(3362, 98, 63, '', '0000-00-00 00:00:00'),
(3363, 98, 64, '', '0000-00-00 00:00:00'),
(3364, 99, 63, '', '0000-00-00 00:00:00'),
(3365, 99, 64, '', '0000-00-00 00:00:00'),
(3366, 100, 63, '', '0000-00-00 00:00:00'),
(3367, 100, 64, '', '0000-00-00 00:00:00'),
(3368, 101, 67, '', '0000-00-00 00:00:00'),
(3369, 101, 68, '', '0000-00-00 00:00:00'),
(4096, 96, 65, '', '0000-00-00 00:00:00'),
(4097, 96, 66, '', '0000-00-00 00:00:00');

-- --------------------------------------------------------

--
-- Table structure for table `menutype`
--

CREATE TABLE `menutype` (
  `MenuTypeID` int(11) NOT NULL,
  `Name` varchar(50) NOT NULL,
  `AllowDiscount` tinyint(4) NOT NULL,
  `Color` varchar(10) NOT NULL,
  `OrderNo` int(11) NOT NULL,
  `Status` tinyint(4) NOT NULL COMMENT '0=inactive, 1=active',
  `ModifiedUser` varchar(50) NOT NULL,
  `ModifiedDate` datetime NOT NULL
) ENGINE=InnoDB DEFAULT CHARSET=utf8;

--
-- Dumping data for table `menutype`
--

INSERT INTO `menutype` (`MenuTypeID`, `Name`, `AllowDiscount`, `Color`, `OrderNo`, `Status`, `ModifiedUser`, `ModifiedDate`) VALUES
(1, 'ก๋วยเตี๋ยว', 1, '0xFF2D55', 1, 1, '', '0000-00-00 00:00:00'),
(2, 'ข้าว', 1, '0x8E8E93', 2, 1, '', '0000-00-00 00:00:00'),
(3, 'ของทานเล่น', 1, '0x44DB5E', 3, 1, '', '0000-00-00 00:00:00'),
(4, 'ขนมหวาน', 1, '0xFFCC00', 4, 1, '', '0000-00-00 00:00:00'),
(5, 'น้ำดื่ม', 0, '0x5AC8FA', 5, 1, '', '0000-00-00 00:00:00'),
(8, 'โปร', 0, '', 6, 1, 'manager', '2018-01-10 01:59:44'),
(9, 'แนะนำ', 1, '', 0, 1, '', '0000-00-00 00:00:00'),
(10, 'Buffet Premium', 0, '', 0, 1, '', '0000-00-00 00:00:00');

-- --------------------------------------------------------

--
-- Table structure for table `note`
--

CREATE TABLE `note` (
  `NoteID` int(11) NOT NULL,
  `Name` varchar(50) NOT NULL,
  `Price` float NOT NULL,
  `NoteTypeID` int(11) NOT NULL,
  `Type` tinyint(4) NOT NULL COMMENT '-1=ลด,1=เพิ่ม',
  `OrderNo` int(11) NOT NULL,
  `Status` tinyint(4) NOT NULL COMMENT '0=inactive, 1=active',
  `ModifiedUser` varchar(50) NOT NULL,
  `ModifiedDate` datetime NOT NULL
) ENGINE=InnoDB DEFAULT CHARSET=utf8;

--
-- Dumping data for table `note`
--

INSERT INTO `note` (`NoteID`, `Name`, `Price`, `NoteTypeID`, `Type`, `OrderNo`, `Status`, `ModifiedUser`, `ModifiedDate`) VALUES
(1, 'กระดูกหมู 1 ชิ้น', 20, 2, 1, 1, 1, '', '0000-00-00 00:00:00'),
(2, 'กุ้งแพ 1 ชิ้น', 25, 2, 1, 2, 1, '', '0000-00-00 00:00:00'),
(3, 'ตับหมู 1 ชิ้น', 10, 2, 1, 3, 1, '', '0000-00-00 00:00:00'),
(4, 'ปลาเส้นฮื่อก้วย', 10, 2, 1, 4, 1, '', '0000-00-00 00:00:00'),
(5, 'เลือดหมู', 10, 2, 1, 5, 1, '', '0000-00-00 00:00:00'),
(6, 'หมึกสด', 15, 2, 1, 6, 1, '', '0000-00-00 00:00:00'),
(7, 'หมูชิ้น 1 ชิ้น', 10, 2, 1, 7, 1, '', '0000-00-00 00:00:00'),
(8, 'หมูบด', 10, 2, 1, 8, 1, '', '0000-00-00 00:00:00'),
(9, 'กระเทียมเจียว', 0, 3, 1, 9, 1, '', '0000-00-00 00:00:00'),
(10, 'ตังฉ่าย', 0, 3, 1, 10, 1, '', '0000-00-00 00:00:00'),
(11, 'เต้าหู้', 0, 3, 1, 11, 1, '', '0000-00-00 00:00:00'),
(12, 'ถั่วคั่ว', 0, 3, 1, 12, 1, '', '0000-00-00 00:00:00'),
(13, 'ถั่วงอก', 0, 3, 1, 13, 1, '', '0000-00-00 00:00:00'),
(14, 'ผักชี', 0, 3, 1, 14, 1, '', '0000-00-00 00:00:00'),
(15, 'ผักบุ้ง', 0, 3, 1, 15, 1, '', '0000-00-00 00:00:00'),
(16, 'เกี๊ยวกรอบ 1 แผ่น', 2, 4, 1, 16, 1, '', '0000-00-00 00:00:00'),
(17, 'เกี๊ยวปลา 3 ตัว', 30, 4, 1, 17, 1, '', '0000-00-00 00:00:00'),
(18, 'เกี๊ยวหมู 3 ตัว', 20, 4, 1, 18, 1, '', '0000-00-00 00:00:00'),
(19, 'บะหมี่', 10, 4, 1, 19, 1, '', '0000-00-00 00:00:00'),
(20, 'เส้นเล็ก', 10, 4, 1, 20, 1, '', '0000-00-00 00:00:00'),
(21, 'เส้นใหญ่', 10, 4, 1, 21, 1, '', '0000-00-00 00:00:00'),
(22, 'น้ำซุป', 0, 1, 1, 22, 1, '', '0000-00-00 00:00:00'),
(23, 'น้ำยำ', 0, 1, 1, 23, 1, '', '0000-00-00 00:00:00'),
(24, 'น้ำเย็นตาโฟ', 0, 1, 1, 24, 1, '', '0000-00-00 00:00:00'),
(25, 'พริกป่น', 0, 1, 1, 25, 1, '', '0000-00-00 00:00:00'),
(26, 'พริกสด', 0, 1, 1, 26, 1, '', '0000-00-00 00:00:00'),
(27, 'มะนาวชิ้น', 0, 1, 1, 27, 1, '', '0000-00-00 00:00:00'),
(28, 'มังสวิรัติ', 0, 1, 1, 28, 1, '', '0000-00-00 00:00:00'),
(29, 'กุ้งฝอยทอด', 0, 2, -1, 29, 1, '', '0000-00-00 00:00:00'),
(30, 'คาตั๊ง', 0, 2, -1, 30, 1, '', '0000-00-00 00:00:00'),
(31, 'ตับ', 0, 2, -1, 31, 1, '', '0000-00-00 00:00:00'),
(32, 'ปลาเส้น ฮื่อก้วย', 0, 2, -1, 32, 1, '', '0000-00-00 00:00:00'),
(33, 'เลือดหมู', 0, 2, -1, 33, 1, '', '0000-00-00 00:00:00'),
(34, 'หมึกสด', 0, 2, -1, 34, 1, '', '0000-00-00 00:00:00'),
(35, 'หมูชิ้น', 0, 2, -1, 35, 1, '', '0000-00-00 00:00:00'),
(36, 'หมูบด', 0, 2, -1, 36, 1, '', '0000-00-00 00:00:00'),
(37, 'กระเทียมเจียว', 0, 3, -1, 37, 1, '', '0000-00-00 00:00:00'),
(38, 'ตังฉ่าย', 0, 3, -1, 38, 1, '', '0000-00-00 00:00:00'),
(39, 'เต้าหู้', 0, 3, -1, 39, 1, '', '0000-00-00 00:00:00'),
(40, 'ถั่วคั่ว', 0, 3, -1, 40, 1, '', '0000-00-00 00:00:00'),
(41, 'ถั่วงอก', 0, 3, -1, 41, 1, '', '0000-00-00 00:00:00'),
(42, 'ผักชี', 0, 3, -1, 42, 1, '', '0000-00-00 00:00:00'),
(43, 'ผักบุ้ง', 0, 3, -1, 43, 1, '', '0000-00-00 00:00:00'),
(44, 'เกี๊ยว', 0, 4, -1, 44, 1, '', '0000-00-00 00:00:00'),
(45, 'ลดบะหมี่', 0, 4, -1, 45, 1, '', '0000-00-00 00:00:00'),
(46, 'ลดเส้นเล็ก', 0, 4, -1, 46, 1, '', '0000-00-00 00:00:00'),
(47, 'ลดเส้นใหญ่', 0, 4, -1, 47, 1, '', '0000-00-00 00:00:00'),
(48, 'น้ำตาล', 0, 1, -1, 48, 1, '', '0000-00-00 00:00:00'),
(49, 'น้ำยำ', 0, 1, -1, 49, 1, '', '0000-00-00 00:00:00'),
(50, 'เผ็ดน้อย', 0, 1, -1, 50, 1, '', '0000-00-00 00:00:00'),
(51, 'พริกสด', 0, 1, -1, 51, 1, '', '0000-00-00 00:00:00'),
(52, 'พริกป่น', 0, 1, -1, 52, 1, '', '0000-00-00 00:00:00'),
(53, 'มะนาว', 0, 1, -1, 53, 1, '', '0000-00-00 00:00:00'),
(55, 'ลดน้ำเย็นตาโฟ', 0, 1, -1, 55, 1, '', '0000-00-00 00:00:00'),
(56, 'น้ำเชื่อม', 0, 5, -1, 56, 1, '', '0000-00-00 00:00:00'),
(57, 'หวานน้อย', 0, 5, 1, 57, 1, '', '0000-00-00 00:00:00'),
(58, 'หวานกลาง', 0, 5, 1, 58, 1, '', '0000-00-00 00:00:00'),
(59, 'หวานมาก', 0, 5, 1, 59, 1, '', '0000-00-00 00:00:00'),
(60, 'หวานมากๆ', 0, 5, 1, 60, 1, '', '0000-00-00 00:00:00'),
(61, 'น้ำเชื่อมอบควันเทียน', 0, 5, -1, 61, 1, '', '0000-00-00 00:00:00'),
(62, 'หมู', 0, 2, -1, 62, 1, '', '0000-00-00 00:00:00'),
(63, 'วาซาบิ', 0, 1, 1, 1, 1, '', '0000-00-00 00:00:00'),
(64, 'วาซาบิ', 0, 1, -1, 1, 1, '', '0000-00-00 00:00:00'),
(65, 'ใช้เท้า', 0, 3, 1, 1, 1, '', '0000-00-00 00:00:00'),
(66, 'ใช้เท้า', 0, 3, -1, 1, 1, '', '0000-00-00 00:00:00'),
(67, 'Whip cream', 25, 6, 1, 1, 1, '', '0000-00-00 00:00:00'),
(68, 'Whip cream', 0, 6, -1, 1, 1, '', '0000-00-00 00:00:00');

-- --------------------------------------------------------

--
-- Table structure for table `notetype`
--

CREATE TABLE `notetype` (
  `NoteTypeID` int(11) NOT NULL,
  `Name` varchar(30) NOT NULL,
  `OrderNo` int(11) NOT NULL,
  `Status` tinyint(4) NOT NULL,
  `ModifiedUser` varchar(50) NOT NULL,
  `ModifiedDate` datetime NOT NULL
) ENGINE=InnoDB DEFAULT CHARSET=utf8;

--
-- Dumping data for table `notetype`
--

INSERT INTO `notetype` (`NoteTypeID`, `Name`, `OrderNo`, `Status`, `ModifiedUser`, `ModifiedDate`) VALUES
(1, 'เครื่องปรุง', 1, 1, '', '0000-00-00 00:00:00'),
(2, 'เนื้อ', 2, 1, '', '0000-00-00 00:00:00'),
(3, 'ผัก', 3, 1, '', '0000-00-00 00:00:00'),
(4, 'เส้น', 4, 1, '', '0000-00-00 00:00:00'),
(5, 'ความหวาน', 5, 1, '', '0000-00-00 00:00:00'),
(6, 'Topping', 6, 1, '', '0000-00-00 00:00:00');

-- --------------------------------------------------------

--
-- Table structure for table `openingtime`
--

CREATE TABLE `openingtime` (
  `OpeningTimeID` int(11) NOT NULL,
  `Day` int(11) NOT NULL COMMENT 'เริ่มที่ วันจันทร์',
  `StartTime` varchar(20) NOT NULL COMMENT 'เวลาเริ่ม',
  `EndTime` varchar(20) NOT NULL COMMENT 'เวลาสิ้นสุด',
  `ShiftNo` int(4) NOT NULL,
  `ModifiedUser` int(11) NOT NULL,
  `ModifiedDate` datetime NOT NULL
) ENGINE=InnoDB DEFAULT CHARSET=utf8;

--
-- Dumping data for table `openingtime`
--

INSERT INTO `openingtime` (`OpeningTimeID`, `Day`, `StartTime`, `EndTime`, `ShiftNo`, `ModifiedUser`, `ModifiedDate`) VALUES
(1, 1, '10:30', '14:00', 1, 0, '0000-00-00 00:00:00'),
(2, 1, '17:00', '22:00', 2, 0, '0000-00-00 00:00:00'),
(3, 2, '10:30', '14:00', 1, 0, '0000-00-00 00:00:00'),
(4, 2, '17:00', '22:00', 2, 0, '0000-00-00 00:00:00'),
(5, 3, '10:30', '14:00', 1, 0, '0000-00-00 00:00:00'),
(6, 3, '17:00', '22:00', 2, 0, '0000-00-00 00:00:00'),
(7, 4, '10:30', '14:00', 1, 0, '0000-00-00 00:00:00'),
(8, 4, '17:00', '22:00', 2, 0, '0000-00-00 00:00:00'),
(9, 5, '10:30', '14:00', 1, 0, '0000-00-00 00:00:00'),
(10, 5, '17:00', '22:00', 2, 0, '0000-00-00 00:00:00'),
(11, 6, '10:30', '14:00', 1, 0, '0000-00-00 00:00:00'),
(12, 6, '17:00', '22:00', 2, 0, '0000-00-00 00:00:00'),
(13, 7, '10:30', '14:00', 1, 0, '0000-00-00 00:00:00'),
(14, 7, '17:00', '22:00', 2, 0, '0000-00-00 00:00:00');

-- --------------------------------------------------------

--
-- Table structure for table `setting`
--

CREATE TABLE `setting` (
  `SettingID` int(11) NOT NULL,
  `KeyName` varchar(50) NOT NULL,
  `Value` varchar(100) NOT NULL,
  `Type` tinyint(4) NOT NULL,
  `Remark` varchar(200) NOT NULL,
  `ModifiedUser` varchar(50) NOT NULL,
  `ModifiedDate` datetime NOT NULL DEFAULT CURRENT_TIMESTAMP ON UPDATE CURRENT_TIMESTAMP
) ENGINE=InnoDB DEFAULT CHARSET=utf8;

--
-- Dumping data for table `setting`
--

INSERT INTO `setting` (`SettingID`, `KeyName`, `Value`, `Type`, `Remark`, `ModifiedUser`, `ModifiedDate`) VALUES
(1, 'formatDateDisplay', 'dd MMM yyyy', 0, '', '', '2015-08-17 20:19:11'),
(2, 'expiredDate', '2018-12-31 23:59:59', 0, '', '', '2018-01-01 08:58:03'),
(3, 'allowUserAccount', '10', 0, '', '', '2017-09-05 06:04:53'),
(4, 'restaurantName', '', 0, '', '', '2017-11-19 12:18:32'),
(5, 'restaurantPhoneNo', '02-391-4476', 0, '', '', '2017-11-16 23:52:44'),
(6, 'thankYou', '**ขอบคุณที่ใช้บริการ MAMARIN ค่ะ**', 0, '', '', '2017-09-28 11:24:49'),
(14, 'companyName', 'บริษัท คีย์เฮด จำกัด', 0, '', '', '2017-11-04 05:14:08'),
(15, 'companyAddress', '281/7 เอกมัย 15 สุขุมวิท 63 คลองตันเหนือ วัฒนา กรุงเทพมหานคร 10110', 0, '', '', '2017-11-04 05:14:08'),
(16, 'phoneNo', '02-391-4476', 0, '', '', '2017-11-16 02:38:21'),
(17, 'taxID', '0-1055-60011-78-8', 0, '', '', '2017-11-04 05:14:08'),
(28, 'takeAwayFee', '5', 0, '', '', '2017-11-04 05:15:33'),
(64, 'customerOrderStatus', '1', 0, '', 'test@jummum.co', '2018-08-05 16:32:39');

-- --------------------------------------------------------

--
-- Table structure for table `specialpriceprogram`
--

CREATE TABLE `specialpriceprogram` (
  `SpecialPriceProgramID` int(11) NOT NULL,
  `MenuID` int(11) NOT NULL,
  `StartDate` datetime NOT NULL,
  `EndDate` datetime NOT NULL,
  `SpecialPrice` float NOT NULL,
  `ModifiedUser` varchar(50) NOT NULL,
  `ModifiedDate` datetime NOT NULL DEFAULT CURRENT_TIMESTAMP ON UPDATE CURRENT_TIMESTAMP
) ENGINE=InnoDB DEFAULT CHARSET=utf8 ROW_FORMAT=COMPACT;

--
-- Dumping data for table `specialpriceprogram`
--

INSERT INTO `specialpriceprogram` (`SpecialPriceProgramID`, `MenuID`, `StartDate`, `EndDate`, `SpecialPrice`, `ModifiedUser`, `ModifiedDate`) VALUES
(1, 1, '2018-04-16 00:00:00', '2018-04-30 00:00:00', 50, '', '2018-04-16 11:05:54'),
(2, 4, '2018-04-16 00:00:00', '2018-04-30 00:00:00', 60, '', '2018-04-16 11:05:54'),
(3, 105, '2018-04-16 00:00:00', '2018-12-31 00:00:00', 29, '', '2018-04-16 11:05:54');

-- --------------------------------------------------------

--
-- Table structure for table `submenutype`
--

CREATE TABLE `submenutype` (
  `SubMenuTypeID` int(11) NOT NULL,
  `MenuTypeID` int(11) NOT NULL,
  `Name` varchar(50) NOT NULL,
  `OrderNo` int(11) NOT NULL,
  `Status` tinyint(4) NOT NULL,
  `ModifiedUser` varchar(50) NOT NULL,
  `ModifiedDate` datetime NOT NULL
) ENGINE=InnoDB DEFAULT CHARSET=utf8;

--
-- Dumping data for table `submenutype`
--

INSERT INTO `submenutype` (`SubMenuTypeID`, `MenuTypeID`, `Name`, `OrderNo`, `Status`, `ModifiedUser`, `ModifiedDate`) VALUES
(1, 1, 'น้ำดั้งเดิม', 1, 1, '', '0000-00-00 00:00:00'),
(2, 1, 'น้ำยำ', 2, 1, '', '0000-00-00 00:00:00'),
(3, 1, 'แห้งบ้านบึง', 3, 1, '', '0000-00-00 00:00:00'),
(4, 1, 'น้ำเย็นตาโฟ', 4, 1, '', '0000-00-00 00:00:00'),
(5, 1, 'แห้งเย็นตาโฟ', 5, 1, '', '0000-00-00 00:00:00'),
(8, 2, 'ข้าว', 8, 1, '', '0000-00-00 00:00:00'),
(9, 3, 'ของทานเล่น', 9, 1, '', '0000-00-00 00:00:00'),
(10, 4, 'ขนมหวาน', 10, 1, '', '0000-00-00 00:00:00'),
(11, 5, 'เย็น', 11, 1, '', '0000-00-00 00:00:00'),
(12, 5, 'ร้อน', 12, 1, '', '0000-00-00 00:00:00'),
(13, 1, 'ทานเล่นครัวก๋วยเตี๋ยว', 13, 1, '', '0000-00-00 00:00:00');

-- --------------------------------------------------------

--
-- Table structure for table `useraccount`
--

CREATE TABLE `useraccount` (
  `UserAccountID` int(11) NOT NULL,
  `Username` varchar(50) NOT NULL,
  `Password` varchar(250) NOT NULL,
  `DeviceToken` varchar(152) NOT NULL,
  `FullName` varchar(150) NOT NULL,
  `NickName` varchar(50) NOT NULL,
  `Email` varchar(100) NOT NULL,
  `PhoneNo` varchar(100) NOT NULL,
  `LineID` varchar(100) NOT NULL,
  `RoleID` int(11) NOT NULL,
  `ModifiedUser` varchar(50) NOT NULL,
  `ModifiedDate` datetime NOT NULL
) ENGINE=InnoDB DEFAULT CHARSET=utf8;

--
-- Dumping data for table `useraccount`
--

INSERT INTO `useraccount` (`UserAccountID`, `Username`, `Password`, `DeviceToken`, `FullName`, `NickName`, `Email`, `PhoneNo`, `LineID`, `RoleID`, `ModifiedUser`, `ModifiedDate`) VALUES
(1, 'jinglejill@hotmail.com', '882ef57e5df41a6c50be7ab7291305b332e46f18efd3be754ff543e4a1655f2d', '5b8b8522cb807af5471a3edecb4efd6adfef4c917b58e069ccd613c660454d19', 'por', '', 'jinglejill@hotmail.com', '', '', 0, '(null)', '2018-07-27 13:06:36'),
(2, 'test@jummum.co', '882ef57e5df41a6c50be7ab7291305b332e46f18efd3be754ff543e4a1655f2d', '', 'abc defg', '', 'jinglejill@hotmail.com', '', '', 0, '(null)', '2018-07-27 13:06:36');

--
-- Indexes for dumped tables
--

--
-- Indexes for table `customertable`
--
ALTER TABLE `customertable`
  ADD PRIMARY KEY (`CustomerTableID`);

--
-- Indexes for table `device`
--
ALTER TABLE `device`
  ADD PRIMARY KEY (`DeviceID`);

--
-- Indexes for table `login`
--
ALTER TABLE `login`
  ADD PRIMARY KEY (`LogInID`);

--
-- Indexes for table `menu`
--
ALTER TABLE `menu`
  ADD PRIMARY KEY (`MenuID`);

--
-- Indexes for table `menunote`
--
ALTER TABLE `menunote`
  ADD PRIMARY KEY (`MenuNoteID`);

--
-- Indexes for table `menutype`
--
ALTER TABLE `menutype`
  ADD PRIMARY KEY (`MenuTypeID`);

--
-- Indexes for table `note`
--
ALTER TABLE `note`
  ADD PRIMARY KEY (`NoteID`);

--
-- Indexes for table `notetype`
--
ALTER TABLE `notetype`
  ADD PRIMARY KEY (`NoteTypeID`);

--
-- Indexes for table `openingtime`
--
ALTER TABLE `openingtime`
  ADD PRIMARY KEY (`OpeningTimeID`);

--
-- Indexes for table `setting`
--
ALTER TABLE `setting`
  ADD PRIMARY KEY (`SettingID`);

--
-- Indexes for table `specialpriceprogram`
--
ALTER TABLE `specialpriceprogram`
  ADD PRIMARY KEY (`SpecialPriceProgramID`);

--
-- Indexes for table `submenutype`
--
ALTER TABLE `submenutype`
  ADD PRIMARY KEY (`SubMenuTypeID`);

--
-- Indexes for table `useraccount`
--
ALTER TABLE `useraccount`
  ADD PRIMARY KEY (`UserAccountID`);

--
-- AUTO_INCREMENT for dumped tables
--

--
-- AUTO_INCREMENT for table `customertable`
--
ALTER TABLE `customertable`
  MODIFY `CustomerTableID` int(11) NOT NULL AUTO_INCREMENT, AUTO_INCREMENT=51;
--
-- AUTO_INCREMENT for table `device`
--
ALTER TABLE `device`
  MODIFY `DeviceID` int(11) NOT NULL AUTO_INCREMENT;
--
-- AUTO_INCREMENT for table `login`
--
ALTER TABLE `login`
  MODIFY `LogInID` int(11) NOT NULL AUTO_INCREMENT;
--
-- AUTO_INCREMENT for table `menu`
--
ALTER TABLE `menu`
  MODIFY `MenuID` int(11) NOT NULL AUTO_INCREMENT, AUTO_INCREMENT=106;
--
-- AUTO_INCREMENT for table `menunote`
--
ALTER TABLE `menunote`
  MODIFY `MenuNoteID` int(11) NOT NULL AUTO_INCREMENT, AUTO_INCREMENT=4098;
--
-- AUTO_INCREMENT for table `menutype`
--
ALTER TABLE `menutype`
  MODIFY `MenuTypeID` int(11) NOT NULL AUTO_INCREMENT, AUTO_INCREMENT=11;
--
-- AUTO_INCREMENT for table `note`
--
ALTER TABLE `note`
  MODIFY `NoteID` int(11) NOT NULL AUTO_INCREMENT, AUTO_INCREMENT=69;
--
-- AUTO_INCREMENT for table `notetype`
--
ALTER TABLE `notetype`
  MODIFY `NoteTypeID` int(11) NOT NULL AUTO_INCREMENT, AUTO_INCREMENT=7;
--
-- AUTO_INCREMENT for table `openingtime`
--
ALTER TABLE `openingtime`
  MODIFY `OpeningTimeID` int(11) NOT NULL AUTO_INCREMENT, AUTO_INCREMENT=15;
--
-- AUTO_INCREMENT for table `setting`
--
ALTER TABLE `setting`
  MODIFY `SettingID` int(11) NOT NULL AUTO_INCREMENT, AUTO_INCREMENT=65;
--
-- AUTO_INCREMENT for table `specialpriceprogram`
--
ALTER TABLE `specialpriceprogram`
  MODIFY `SpecialPriceProgramID` int(11) NOT NULL AUTO_INCREMENT, AUTO_INCREMENT=4;
--
-- AUTO_INCREMENT for table `submenutype`
--
ALTER TABLE `submenutype`
  MODIFY `SubMenuTypeID` int(11) NOT NULL AUTO_INCREMENT, AUTO_INCREMENT=14;
--
-- AUTO_INCREMENT for table `useraccount`
--
ALTER TABLE `useraccount`
  MODIFY `UserAccountID` int(11) NOT NULL AUTO_INCREMENT, AUTO_INCREMENT=3;
/*!40101 SET CHARACTER_SET_CLIENT=@OLD_CHARACTER_SET_CLIENT */;
/*!40101 SET CHARACTER_SET_RESULTS=@OLD_CHARACTER_SET_RESULTS */;
/*!40101 SET COLLATION_CONNECTION=@OLD_COLLATION_CONNECTION */;
